Rk,Team,Year,Playoff Wins,MP,FG,FGA,FG%,3P,3PA,3P%,2P,2PA,2P%,FT,FTA,FT%,ORB,DRB,TRB,AST,STL,BLK,TOV,PF,PTS,O_MP,O_FG,O_FGA,O_FG%,O_3P,O_3PA,O_3P%,O_2P,O_2PA,O_2P%,O_FT,O_FTA,O_FT%,O_ORB,O_DRB,O_TRB,O_AST,O_STL,O_BLK,O_TOV,O_PF,O_PTS,W,L,PW,PL,MOV,SOS,SRS,ORtg,DRtg,Pace,FTr,3PAr,eFG%,TOV%,ORB%,FT/FGA,O_eFG%,O_TOV%,DRB%,O_FT/FGA,Arena,Attendance
1,San Antonio Spurs,2003,16,14,14,27,4,11,11,11,17,27,1,9,5,26,20,5,11,22,17,1,23,5,12,11,8,20,2,3,4,7,15,25,3,2,2,24,20,3,7,3,18,17,12,4,3,1,1,3,3,3,12,3,7,3,20,2,7,4,24,13,5,2,12,17,3,SBC Center,11
2,New Jersey Nets,2003,14,26,17,18,14,22,22,22,12,12,13,5,5,15,13,12,10,7,5,21,15,13,14,2,5,8,2,12,11,20,4,9,2,9,11,6,7,12,9,5,22,19,3,8,2,8,8,4,4,4,29,4,18,1,10,7,22,21,16,14,7,4,3,5,14,Continental Airlines Arena,23
3,Dallas Mavericks,2003,10,24,3,2,7,2,2,3,15,19,7,15,26,1,24,8,17,9,11,13,1,9,1,5,15,17,11,26,28,8,9,10,15,11,17,1,23,28,28,16,3,3,5,19,16,1,1,1,1,1,14,1,1,9,7,28,2,3,1,27,20,15,8,19,10,American Airlines Center,3
4,Detroit Pistons,2003,8,5,26,28,24,6,6,8,28,28,24,12,12,9,26,18,25,23,28,7,5,10,25,21,3,3,11,1,1,12,9,14,6,8,8,5,1,19,8,2,4,5,23,6,1,5,5,5,5,5,28,5,15,4,29,9,3,14,6,24,9,5,15,1,14,The Palace of Auburn Hills,1
5,Sacramento Kings,2003,7,14,1,1,3,7,8,3,2,7,3,24,24,18,25,1,3,3,2,10,12,4,3,11,19,28,1,5,9,1,25,28,1,9,13,2,28,26,29,13,20,5,10,28,16,3,3,2,2,2,13,2,6,2,1,26,12,2,6,25,28,1,18,21,5,ARCO Arena (II),12
6,Los Angeles Lakers,2003,6,1,4,4,9,8,7,10,7,13,7,12,8,25,5,7,4,4,15,7,12,25,4,26,18,21,17,25,16,29,15,18,9,23,22,16,13,17,14,12,15,1,17,4,23,5,5,8,8,9,9,9,4,19,7,12,8,8,6,8,13,16,20,8,20,STAPLES Center,9
7,Philadelphia 76ers,2003,6,10,11,15,10,27,28,28,3,2,10,2,4,8,7,20,16,14,1,28,15,18,9,17,11,5,22,21,21,18,7,5,23,18,17,16,4,7,4,18,12,28,1,7,15,9,9,8,8,10,25,12,11,11,13,5,27,23,13,6,3,26,2,8,22,First Union Center,4
8,Boston Celtics,2003,4,14,26,21,27,1,1,21,29,29,23,17,16,22,28,14,26,27,3,25,7,11,22,11,6,7,7,24,28,4,5,2,16,19,19,6,7,29,26,19,7,8,5,12,12,13,13,18,18,18,21,19,24,7,17,14,1,19,10,29,14,13,5,10,21,FleetCenter,13
9,Orlando Magic,2003,3,20,13,7,22,5,3,9,25,24,18,7,9,6,16,21,23,21,8,25,10,26,6,7,22,14,25,8,15,5,23,13,29,25,25,22,14,24,22,21,12,12,4,10,24,16,16,16,16,16,24,17,10,20,5,13,4,11,6,21,12,25,5,18,23,TD Waterhouse Centre,26
10,Portland Trail Blazers,2003,3,10,10,22,5,19,16,24,7,18,2,19,17,19,13,24,22,8,3,24,19,2,15,17,16,12,21,14,23,11,13,7,23,1,1,19,4,2,2,23,20,10,9,24,10,5,5,7,7,7,11,5,8,13,22,15,16,5,21,8,15,21,7,12,1,Rose Garden Arena,6
11,Milwaukee Bucks,2003,2,5,7,13,6,4,5,1,17,25,6,15,20,7,27,27,28,10,18,22,2,21,5,21,26,15,27,26,21,27,20,12,26,20,21,4,20,20,21,25,2,4,18,23,25,16,16,15,15,15,23,16,2,28,19,18,6,1,2,25,17,29,19,26,19,Bradley Center,17
12,Minnesota Timberwolves,2003,2,20,2,5,2,24,27,6,1,1,5,23,24,10,16,3,7,2,29,15,6,7,7,7,21,25,9,26,25,14,18,19,12,6,7,10,15,9,12,24,5,11,27,22,18,4,4,11,11,12,8,10,5,16,9,25,28,6,4,15,23,14,26,7,4,Target Center,18
13,Indiana Pacers,2003,2,5,14,16,14,19,19,20,14,13,17,4,3,13,12,2,5,4,8,14,15,20,9,21,8,19,4,9,13,8,9,17,4,16,15,22,18,12,15,8,9,27,11,3,13,9,9,6,6,6,27,7,13,5,10,3,19,20,13,12,3,3,10,12,18,Conseco Fieldhouse,15
14,Phoenix Suns,2003,2,20,8,6,13,17,16,18,7,8,11,21,19,22,6,18,13,17,11,17,14,18,13,7,14,16,11,14,25,1,12,11,20,11,10,20,22,16,19,19,12,24,5,17,14,13,13,14,14,14,6,13,19,11,12,20,18,14,13,10,22,10,8,23,12,America West Arena,16
15,New Orleans Hornets,2003,2,5,14,12,23,15,21,5,16,9,25,18,20,11,4,13,7,11,13,18,15,13,19,21,7,11,11,2,3,6,17,20,11,11,9,20,4,5,3,6,15,19,16,18,5,11,11,11,11,11,26,14,16,7,22,20,21,24,18,3,18,7,14,5,16,New Orleans Arena,19
16,Utah Jazz,2003,1,24,18,29,1,29,29,15,4,11,4,2,2,19,8,24,20,1,7,7,26,22,17,5,3,4,6,14,20,16,3,6,8,23,24,13,18,1,1,4,25,19,8,1,6,11,11,8,8,8,10,8,8,15,24,1,29,8,27,2,1,8,4,24,25,Delta Center,7
1,Detroit Pistons,2004,16,19,24,26,18,23,26,15,18,14,21,9,9,13,12,12,9,15,13,1,18,4,24,8,3,7,3,4,8,1,5,9,4,2,2,7,11,3,5,5,13,11,6,5,1,6,6,2,2,2,28,4,18,2,24,6,25,20,20,9,4,2,6,12,3,The Palace of Auburn Hills,1
2,Los Angeles Lakers,2004,13,7,4,7,4,22,20,25,4,5,3,5,1,28,13,7,6,4,10,21,5,13,3,20,16,19,16,10,18,7,19,16,18,15,13,14,7,25,15,12,6,2,11,1,15,4,4,7,7,7,10,7,6,8,6,2,22,7,4,16,7,15,14,6,16,STAPLES Center,7
3,Minnesota Timberwolves,2004,10,23,3,14,1,25,27,5,2,4,4,25,26,5,25,2,8,6,26,7,2,13,10,5,9,15,4,7,8,6,9,21,3,9,10,19,15,7,12,11,1,1,26,23,7,2,2,4,4,4,13,2,5,6,21,27,27,4,2,23,24,3,26,9,9,Target Center,11
4,Indiana Pacers,2004,10,15,22,25,18,9,10,9,23,25,17,11,14,11,17,16,18,12,5,11,9,9,20,12,6,2,9,3,3,3,9,7,10,4,4,17,1,8,3,7,3,28,7,12,3,1,1,3,3,3,29,5,9,3,26,11,8,15,11,13,8,6,1,3,11,Conseco Fieldhouse,16
5,Sacramento Kings,2004,7,19,2,6,1,2,4,1,10,22,2,6,11,2,24,12,21,1,7,25,6,2,2,8,28,29,25,8,11,10,29,29,25,3,3,14,28,19,25,14,13,11,16,9,24,5,5,5,5,5,12,3,2,21,4,14,5,1,6,26,9,23,19,23,2,ARCO Arena (II),13
6,New Jersey Nets,2004,7,28,19,23,16,20,19,21,15,20,12,21,21,13,26,14,25,2,8,27,11,12,22,1,7,4,5,10,10,18,4,5,5,6,5,22,1,12,6,6,16,5,4,15,4,9,9,8,8,8,25,10,25,4,18,20,18,15,18,27,19,7,1,3,13,Continental Airlines Arena,26
7,San Antonio Spurs,2004,6,23,15,20,12,17,18,6,15,16,15,20,10,29,11,1,3,19,11,3,11,4,19,5,2,8,1,2,2,4,6,20,2,5,6,7,5,11,7,1,10,5,11,8,1,3,3,1,1,1,14,1,15,1,19,8,17,14,11,10,19,1,10,1,9,SBC Center,10
8,Miami Heat,2004,6,23,26,21,25,7,7,7,25,23,26,18,19,12,20,15,20,28,21,28,6,21,22,5,5,3,6,16,19,14,3,2,7,25,24,26,4,16,8,3,2,21,18,16,8,12,12,13,13,13,27,15,15,9,22,17,6,19,7,21,14,9,13,5,28,AmericanAirlines Arena,24
9,New Orleans Hornets,2004,3,11,21,11,27,4,2,28,26,26,19,19,18,17,6,18,9,14,8,24,16,10,17,16,12,10,18,18,22,11,12,6,19,8,7,17,10,14,14,19,6,17,9,16,11,14,14,14,14,14,24,18,14,12,20,19,2,22,11,7,18,16,8,16,11,New Orleans Arena,28
10,Dallas Mavericks,2004,1,15,1,1,3,6,5,11,1,3,1,15,21,1,1,5,2,3,13,10,1,3,1,12,27,28,27,28,28,25,24,14,28,12,12,10,16,25,21,27,3,7,15,20,28,7,7,6,6,6,11,6,1,26,2,29,9,3,1,3,26,28,17,14,6,American Airlines Center,2
11,Milwaukee Bucks,2004,1,19,6,10,6,19,17,10,6,8,10,2,5,7,18,11,16,7,26,17,3,4,4,8,24,23,23,22,21,19,23,18,22,9,11,4,11,19,16,21,6,11,20,5,21,14,14,11,11,12,26,12,4,23,9,5,19,10,3,20,3,24,20,12,5,Bradley Center,14
12,Denver Nuggets,2004,1,26,5,2,9,25,25,21,4,2,14,3,6,9,7,24,15,9,3,5,20,20,5,3,23,20,24,6,4,21,26,28,20,14,17,1,24,12,19,26,18,27,1,3,19,11,11,11,11,11,7,11,8,13,1,11,26,17,16,8,5,20,5,26,13,Pepsi Center,12
13,Houston Rockets,2004,1,3,25,28,12,5,6,3,27,28,12,24,25,8,28,2,13,24,26,8,28,18,25,27,3,9,2,22,14,27,2,8,1,17,18,3,5,3,2,10,26,4,26,18,5,10,10,10,10,10,8,9,24,5,25,21,4,6,29,25,17,4,24,2,19,Toyota Center,22
14,Memphis Grizzlies,2004,0,5,7,9,8,9,8,20,8,14,7,9,7,24,8,25,17,5,1,2,16,27,7,24,13,12,12,5,5,8,16,22,13,26,25,24,29,18,26,8,21,25,3,3,15,8,8,9,9,9,9,8,7,11,10,8,10,8,9,10,13,10,1,29,25,Pyramid Arena,25
15,Boston Celtics,2004,0,28,15,22,9,3,3,12,24,27,6,8,8,18,27,17,27,17,2,25,24,24,8,1,15,15,14,29,29,24,8,4,15,23,26,2,25,22,23,23,27,11,1,9,20,20,20,17,17,19,23,20,17,17,2,7,3,4,24,28,5,19,1,24,22,FleetCenter,20
16,New York Knicks,2004,0,5,13,17,12,17,20,4,12,11,16,23,27,3,19,5,13,16,19,15,21,26,16,24,11,11,8,10,14,8,11,11,7,28,27,23,8,10,9,8,21,7,23,27,13,17,17,20,20,20,22,19,20,14,17,26,20,13,23,19,22,8,23,8,27,Madison Square Garden (IV),5
1,San Antonio Spurs,2005,16,17,19,21,10,11,12,8,20,23,8,22,16,26,15,11,11,13,16,1,7,5,18,13,3,6,3,1,1,24,10,23,1,6,6,25,3,10,6,1,9,20,11,13,1,2,2,1,1,1,15,1,8,1,23,12,11,6,12,12,21,1,5,3,11,SBC Center,9
2,Detroit Pistons,2005,15,3,23,22,17,22,22,21,16,12,20,16,13,23,6,9,4,11,20,3,10,2,24,28,8,12,5,3,4,4,8,12,5,2,2,12,7,5,4,4,12,7,21,17,2,5,5,5,5,6,29,6,17,3,29,11,22,23,13,4,14,5,18,5,3,The Palace of Auburn Hills,1
3,Miami Heat,2005,11,2,3,26,1,14,16,3,10,22,1,13,2,30,25,2,6,11,28,5,7,11,4,29,10,20,4,8,11,10,11,22,3,17,16,19,6,9,7,5,14,1,26,2,8,2,2,2,2,3,30,4,5,6,14,1,15,2,11,25,10,4,26,2,14,AmericanAirlines Arena,4
4,Phoenix Suns,2005,9,19,1,2,2,1,1,1,14,24,2,19,19,22,18,1,1,3,20,9,7,1,1,8,30,30,14,25,28,3,30,30,16,1,1,4,30,26,29,14,17,4,21,26,30,1,1,2,2,2,16,2,1,17,1,26,1,1,3,22,24,10,28,29,1,America West Arena,11
5,Dallas Mavericks,2005,6,27,4,7,8,15,15,6,12,11,6,1,5,4,14,7,8,26,4,7,4,13,3,3,15,22,7,12,25,1,16,20,11,14,13,15,27,19,24,11,7,14,6,12,14,4,4,4,4,4,13,3,4,9,9,9,17,6,4,16,3,7,9,23,12,American Airlines Center,3
6,Seattle SuperSonics,2005,6,24,22,20,17,2,2,5,29,29,10,11,15,3,8,27,23,30,24,23,5,24,11,5,13,7,23,17,17,14,13,6,25,13,13,10,7,1,2,8,1,12,26,5,13,6,6,7,7,7,8,8,2,27,27,13,2,5,8,2,11,23,23,14,18,KeyArena at Seattle Center,21
7,Indiana Pacers,2005,6,5,30,30,25,7,6,24,30,30,20,7,10,2,28,18,26,29,16,19,15,19,25,24,7,4,10,2,2,23,8,10,7,19,21,3,15,12,12,2,4,14,20,14,5,14,14,13,13,15,20,13,18,11,29,4,4,18,20,26,1,7,17,14,20,Conseco Fieldhouse,17
8,Washington Wizards,2005,4,19,12,5,22,10,8,25,18,14,20,2,1,24,1,23,9,28,3,20,15,9,6,8,24,23,23,28,27,21,20,17,24,8,9,20,21,23,23,27,7,18,3,3,23,11,11,16,16,16,25,17,10,19,5,2,9,22,7,5,8,25,7,25,8,MCI Center,14
9,Boston Celtics,2005,3,8,5,19,3,17,17,18,11,18,3,3,4,14,23,16,24,8,8,13,25,27,5,21,17,18,12,25,25,12,14,14,12,28,29,14,25,13,20,24,29,14,6,7,22,11,11,13,13,13,27,14,8,14,5,5,16,3,25,23,3,14,10,24,27,FleetCenter,24
10,Houston Rockets,2005,3,11,24,22,20,6,7,6,26,26,15,21,26,7,27,3,11,16,23,16,10,9,20,16,4,9,2,12,21,4,4,7,3,12,12,2,3,15,8,8,12,3,25,23,3,7,7,5,5,5,11,5,14,4,24,22,7,11,16,27,18,3,23,1,15,Toyota Center,23
11,Chicago Bulls,2005,2,16,24,16,25,11,11,12,22,21,27,22,21,21,13,4,2,15,20,18,30,29,21,15,6,14,1,4,10,2,5,16,2,22,25,4,15,24,22,11,26,24,9,11,7,10,10,12,12,12,26,12,26,2,11,21,10,24,30,18,22,2,8,7,22,United Center,2
12,Sacramento Kings,2005,1,11,2,3,4,9,12,4,5,8,5,18,24,6,10,13,11,1,7,24,1,3,2,16,29,29,23,17,17,14,29,29,23,5,7,1,28,25,27,18,17,7,14,25,26,8,8,9,9,9,6,9,3,23,8,27,14,4,1,15,23,21,20,28,5,ARCO Arena (II),13
13,Denver Nuggets,2005,1,24,7,14,4,24,24,26,1,6,6,6,5,15,18,12,15,2,2,4,22,16,8,5,16,15,15,15,21,9,15,11,16,18,20,9,15,15,15,20,22,27,2,4,17,9,9,9,9,10,12,10,16,8,4,7,24,15,18,18,6,15,4,11,16,Pepsi Center,12
14,Philadelphia 76ers,2005,1,11,16,6,22,11,10,20,19,15,25,8,11,4,23,7,15,20,1,24,23,16,10,16,12,16,11,30,30,18,7,5,13,27,24,23,12,28,26,26,25,10,1,9,19,16,16,17,17,17,24,18,24,10,2,14,11,19,21,29,12,17,1,6,24,Wachovia Center,10
15,Memphis Grizzlies,2005,0,29,27,29,15,8,9,12,27,28,9,24,23,19,25,28,30,20,5,5,19,22,23,1,1,3,6,6,4,11,3,4,6,21,19,27,19,8,10,6,14,28,3,17,4,11,11,7,7,7,7,7,18,5,25,16,7,9,23,24,17,6,1,26,26,FedEx Forum,19
16,New Jersey Nets,2005,0,5,28,22,29,17,19,10,23,20,28,19,22,15,29,22,29,13,10,27,14,26,29,24,2,2,9,22,17,26,1,2,9,22,25,4,2,22,10,7,10,14,6,15,6,17,17,19,19,19,23,21,26,6,20,18,19,28,17,28,18,11,3,4,28,Continental Airlines Arena,26
1,Miami Heat,2006,16,28,4,19,2,12,11,20,7,26,1,17,7,29,20,2,1,17,28,8,15,15,6,3,10,22,8,17,18,18,7,14,7,18,18,10,3,7,5,9,9,3,28,5,13,5,5,5,5,5,27,6,7,9,11,6,10,2,18,17,15,10,29,1,17,AmericanAirlines Arena,4
2,Dallas Mavericks,2006,14,9,15,18,7,21,21,8,8,11,12,3,5,6,3,16,6,29,13,2,5,11,9,19,7,6,10,4,4,18,8,17,7,16,15,23,17,1,2,2,4,15,20,4,7,3,3,3,3,3,21,3,1,11,26,5,21,10,8,2,3,7,14,17,19,American Airlines Center,3
3,Phoenix Suns,2006,10,1,1,1,1,1,1,1,5,19,2,30,30,1,30,3,10,1,22,12,3,3,1,29,30,30,14,25,24,20,30,30,14,4,5,1,29,30,30,6,15,1,8,30,28,4,4,4,4,4,20,4,2,16,1,30,1,1,2,30,30,14,23,19,2,America West Arena,12
4,Detroit Pistons,2006,10,17,11,11,12,6,10,3,22,16,16,27,26,23,9,24,18,2,16,2,1,1,19,8,14,14,13,2,2,1,23,28,13,1,1,6,19,9,15,5,1,2,20,26,3,1,1,2,2,2,30,2,4,5,29,28,12,7,1,7,26,10,14,25,1,The Palace of Auburn Hills,1
5,Cleveland Cavaliers,2006,7,17,20,17,14,12,9,23,24,25,5,9,5,21,11,9,4,24,18,15,9,6,15,8,17,17,18,9,9,14,17,16,17,5,6,13,2,13,6,15,7,9,27,19,10,6,6,7,7,8,19,8,9,14,18,7,9,12,10,10,7,14,27,4,5,Gund Arena,5
6,Los Angeles Clippers,2006,7,24,8,15,6,30,29,21,2,1,10,8,19,2,26,1,1,14,24,1,15,15,16,5,12,25,4,15,20,5,11,22,5,14,16,3,6,16,8,21,10,7,30,24,11,9,9,10,10,11,5,9,18,8,10,17,29,16,16,25,7,5,30,3,11,STAPLES Center,13
7,San Antonio Spurs,2006,7,24,8,20,3,10,16,2,15,23,3,29,28,28,22,7,12,10,23,5,7,4,20,5,6,11,3,1,1,3,15,29,3,2,3,11,11,13,10,1,18,5,22,28,2,2,2,1,1,1,23,1,10,1,23,27,15,3,13,20,29,1,18,8,4,SBC Center,8
8,New Jersey Nets,2006,5,27,27,23,26,16,11,28,27,27,19,12,12,9,27,8,17,4,19,27,5,19,24,4,3,3,7,13,15,6,3,5,10,19,20,12,1,27,19,11,15,4,14,14,6,7,7,12,12,13,26,13,25,3,18,11,8,25,10,29,10,9,9,2,25,Continental Airlines Arena,19
9,Los Angeles Lakers,2006,3,13,8,9,18,8,5,17,19,21,8,17,15,15,10,10,6,9,5,19,9,18,7,15,15,23,12,15,17,11,14,19,12,13,13,19,13,9,8,17,4,7,18,7,15,10,10,7,7,7,15,7,8,15,15,18,7,10,8,8,19,12,20,9,13,STAPLES Center,7
10,Washington Wizards,2006,2,17,12,7,21,12,15,15,14,11,22,1,2,12,3,24,15,25,3,22,9,12,3,8,20,17,23,20,21,20,19,11,23,19,18,16,21,19,24,21,4,5,2,3,21,13,13,10,10,10,29,12,6,22,7,3,16,21,4,6,4,23,2,26,18,MCI Center,15
11,Sacramento Kings,2006,2,17,15,13,14,15,13,16,18,17,10,7,15,5,22,13,18,5,8,26,19,2,10,8,22,28,14,9,14,7,24,26,16,2,2,19,19,22,25,17,26,15,11,14,17,11,11,12,12,12,12,11,11,11,9,16,14,12,18,25,10,13,14,17,3,ARCO Arena (II),14
12,Chicago Bulls,2006,2,5,6,4,22,6,8,5,19,13,25,25,25,17,14,4,3,6,30,21,24,28,13,23,5,21,1,20,24,7,4,9,1,30,28,30,9,25,22,13,23,23,6,14,16,14,14,14,14,14,22,14,23,7,5,29,13,16,18,19,26,2,11,5,29,United Center,2
13,Indiana Pacers,2006,2,29,25,24,24,9,7,17,28,29,16,19,18,19,14,6,6,19,10,12,26,9,23,1,8,20,4,3,3,4,13,27,4,8,9,5,21,13,19,4,27,15,24,23,5,14,14,9,9,9,27,10,21,3,20,12,4,16,27,12,15,2,25,15,8,Conseco Fieldhouse,24
14,Denver Nuggets,2006,1,3,2,6,8,24,22,30,1,2,5,6,7,16,14,10,14,3,2,7,23,13,5,27,24,29,14,26,28,17,21,23,18,11,11,6,21,18,23,29,13,25,3,10,23,11,11,15,15,15,8,15,17,13,2,10,23,15,14,16,12,20,3,20,6,Pepsi Center,16
15,Milwaukee Bucks,2006,1,13,12,10,18,11,17,4,15,14,19,22,20,17,12,14,15,7,10,28,19,19,13,15,18,9,24,17,22,13,15,7,26,21,21,19,3,19,10,25,22,21,14,5,19,17,17,16,16,16,16,16,13,23,13,20,18,12,16,11,22,23,12,6,21,Bradley Center,20
16,Memphis Grizzlies,2006,0,13,28,30,20,5,6,8,30,30,18,24,23,27,25,20,28,22,10,8,8,7,27,15,1,2,6,5,6,2,5,6,7,6,4,25,16,9,14,10,18,29,9,17,1,7,7,5,5,6,14,5,16,2,30,14,3,8,18,21,20,4,3,20,10,FedEx Forum,26
1,San Antonio Spurs,2007,16,22,12,27,2,6,7,3,25,27,3,24,24,17,28,4,16,11,13,9,4,1,14,5,8,13,4,1,2,2,14,28,3,1,1,5,4,7,6,1,12,8,24,24,1,3,3,1,1,1,16,1,5,2,27,20,6,2,8,27,20,2,19,3,1,AT&T Center,9
2,Cleveland Cavaliers,2007,12,8,15,9,24,15,14,18,20,10,24,24,13,29,1,6,2,15,8,20,7,11,19,18,7,5,8,3,6,1,9,12,8,11,11,2,1,13,8,8,4,10,10,16,5,7,7,7,7,7,30,7,18,4,18,17,17,22,4,3,24,6,5,2,14,Quicken Loans Arena,3
3,Detroit Pistons,2007,10,8,18,17,20,22,19,26,17,13,18,18,22,7,10,22,18,12,17,1,1,4,21,18,5,5,6,4,4,3,7,15,6,7,9,5,25,9,16,8,3,1,19,28,2,4,4,6,6,6,28,6,6,7,30,22,19,21,1,11,18,4,15,25,10,The Palace of Auburn Hills,2
4,Utah Jazz,2007,9,20,6,18,2,26,26,29,1,4,6,4,2,20,2,16,7,2,20,22,20,30,7,10,5,1,11,16,15,13,2,1,13,30,30,27,3,2,1,3,24,25,16,1,17,6,6,8,8,8,10,8,3,18,15,2,26,11,17,1,3,13,13,4,30,EnergySolutions Arena,6
5,Phoenix Suns,2007,6,7,1,2,1,1,1,1,5,26,1,26,30,1,30,3,18,1,26,14,8,3,1,24,28,29,12,14,13,21,30,30,11,6,3,27,27,21,26,3,7,2,14,21,23,2,2,3,3,2,14,2,1,13,3,30,2,1,4,29,27,12,23,20,3,US Airways Center,10
6,Chicago Bulls,2007,6,22,9,7,16,16,23,2,7,2,24,20,18,22,8,2,1,9,4,5,23,22,13,5,3,9,2,13,13,6,2,7,2,17,21,1,14,13,13,11,21,25,2,9,6,8,8,4,4,4,29,5,21,1,6,20,24,17,23,9,22,3,1,10,19,United Center,1
7,New Jersey Nets,2007,6,8,22,24,16,4,5,8,29,29,13,15,12,25,24,6,14,3,30,27,12,19,15,18,10,14,9,17,18,16,6,5,8,23,22,26,12,24,18,21,12,13,21,10,13,14,14,16,16,16,21,16,16,15,16,10,4,7,14,26,15,10,22,9,23,Continental Airlines Arena,19
8,Golden State Warriors,2007,5,27,2,1,11,3,1,13,9,19,3,21,17,26,11,16,10,4,1,3,23,25,2,2,26,28,19,30,30,24,21,23,20,29,29,13,30,30,30,28,27,18,1,13,30,12,12,13,13,13,8,13,10,19,1,24,3,3,12,23,27,24,2,29,21,Oracle Arena,14
9,Houston Rockets,2007,3,14,23,15,26,2,3,5,30,30,20,27,28,16,22,1,4,15,17,22,6,7,17,14,3,15,1,12,11,8,4,20,1,8,8,12,1,25,11,5,10,10,25,29,3,5,5,4,4,5,11,4,15,3,21,25,1,14,8,22,26,1,23,1,8,Toyota Center,21
10,Dallas Mavericks,2007,2,27,11,20,5,8,14,3,21,22,11,12,19,2,15,9,8,24,24,12,4,17,9,2,2,3,7,2,1,6,8,21,5,19,20,9,5,3,3,2,7,3,21,15,4,1,1,2,2,3,13,2,2,5,28,18,13,5,4,8,11,4,17,5,22,American Airlines Center,4
11,Toronto Raptors,2007,2,27,10,13,11,8,11,8,14,19,10,17,22,5,29,14,26,10,17,25,2,4,11,2,20,21,20,21,22,16,17,10,23,4,4,17,6,28,24,17,1,5,14,18,16,9,9,10,10,10,26,10,10,12,9,23,10,7,3,30,17,21,15,8,5,Air Canada Centre,13
12,Denver Nuggets,2007,1,22,3,4,7,16,13,28,2,7,7,4,3,19,5,5,3,5,2,8,27,9,3,5,29,29,15,23,27,9,28,29,18,3,6,4,27,13,23,27,27,24,3,4,26,10,10,9,9,9,12,9,8,11,2,6,15,12,21,7,8,15,9,21,2,Pepsi Center,17
13,Los Angeles Lakers,2007,1,1,5,7,6,4,4,16,17,25,2,11,9,18,20,12,11,6,10,9,18,20,5,30,22,26,18,20,19,18,24,26,18,25,25,23,19,23,22,20,25,20,19,7,25,12,12,12,12,12,9,12,7,24,8,12,5,4,15,20,13,17,25,18,20,STAPLES Center,7
14,Washington Wizards,2007,0,18,6,3,21,7,6,20,13,12,17,2,4,11,5,22,11,23,6,17,3,14,4,12,25,25,27,29,29,29,23,13,26,20,18,29,25,25,27,26,2,14,6,6,28,14,14,13,13,15,23,15,3,28,5,7,8,18,2,13,6,28,13,24,17,Verizon Center,12
15,Orlando Magic,2007,0,22,25,30,4,27,28,13,10,18,9,8,6,28,15,19,16,29,21,9,29,21,27,5,1,1,3,9,10,9,1,2,4,26,26,23,11,1,2,6,27,14,16,7,7,16,16,11,11,11,27,11,21,6,25,1,28,13,30,4,5,6,8,13,29,Amway Arena,18
16,Miami Heat,2007,0,14,21,29,10,11,8,27,26,28,5,30,20,30,24,6,14,18,21,5,10,8,28,14,9,16,5,21,22,13,5,5,7,10,10,7,16,16,17,10,7,3,21,18,8,11,11,17,17,17,24,18,24,8,25,16,7,6,15,25,25,8,21,14,9,AmericanAirlines Arena,5
1,Boston Celtics,2008,16,22,19,30,4,8,12,5,24,29,5,8,9,8,23,9,12,8,5,18,27,26,11,7,1,3,1,6,17,1,1,2,2,21,22,4,12,2,2,2,12,14,3,8,2,1,1,1,1,1,30,1,9,1,19,5,9,5,29,17,3,1,1,8,23,TD Banknorth Garden,12
2,Los Angeles Lakers,2008,14,18,5,6,3,5,6,6,9,21,4,3,4,10,17,1,4,4,6,5,11,13,4,10,22,26,6,18,17,15,21,27,6,13,12,12,26,14,21,14,21,12,10,5,19,3,3,3,3,3,13,2,3,5,6,9,6,4,9,19,8,7,16,15,9,STAPLES Center,11
3,Detroit Pistons,2008,10,25,17,20,13,22,22,13,15,12,16,18,22,13,10,25,21,10,17,3,1,13,16,2,2,1,3,1,3,2,2,8,3,14,14,5,6,4,3,5,3,3,18,25,1,2,2,2,2,2,29,4,6,4,30,16,22,15,1,6,12,3,13,12,19,The Palace of Auburn Hills,1
4,San Antonio Spurs,2008,9,25,25,28,14,9,10,11,27,28,13,26,27,15,27,9,23,20,24,24,4,1,27,2,3,4,5,3,3,3,8,17,5,2,2,18,1,17,5,1,9,8,27,24,3,4,4,7,7,8,7,7,15,3,28,24,8,10,7,25,24,5,20,1,4,AT&T Center,13
5,New Orleans Hornets,2008,7,14,6,8,8,6,8,3,12,15,10,29,28,10,14,14,16,13,8,28,3,1,9,14,15,16,16,15,20,6,15,11,21,1,1,27,2,18,10,12,1,4,14,28,5,4,4,5,5,6,8,5,5,7,26,28,11,6,1,13,29,15,10,3,1,New Orleans Arena,26
6,Cleveland Cavaliers,2008,7,5,25,14,27,14,13,15,24,16,27,21,15,28,1,11,1,24,17,6,10,16,24,23,7,5,11,8,8,10,8,10,13,17,16,7,2,12,7,9,8,14,23,19,9,13,13,15,15,16,22,16,19,11,22,15,12,26,12,2,20,10,16,2,18,Quicken Loans Arena,3
7,Utah Jazz,2008,6,30,4,18,2,26,26,10,1,5,2,3,2,16,13,26,24,2,3,22,18,30,5,1,5,2,17,8,8,10,4,3,19,29,30,8,5,1,1,7,16,21,4,2,13,8,8,3,3,4,17,3,1,12,10,3,27,3,18,5,4,15,3,9,30,EnergySolutions Arena,5
8,Orlando Magic,2008,5,18,11,26,5,1,2,4,30,30,3,9,3,27,27,5,12,22,27,24,12,13,6,10,16,24,7,11,10,13,18,23,6,12,11,15,12,14,15,10,11,6,25,2,11,9,9,5,5,5,28,9,7,5,9,2,1,2,18,25,8,6,24,6,12,Amway Arena,18
9,Atlanta Hawks,2008,3,5,22,20,15,27,28,17,8,6,21,5,7,7,7,21,11,12,14,4,24,10,15,23,19,21,21,8,7,15,22,21,16,10,10,12,24,5,11,20,16,21,15,9,14,19,19,19,19,19,25,20,16,18,18,7,28,21,24,4,6,15,16,26,12,Philips Arena,20
10,Washington Wizards,2008,2,1,19,16,22,11,9,17,22,20,18,12,19,5,7,27,18,27,9,15,7,5,14,29,13,9,17,30,30,29,3,1,16,9,7,15,12,11,12,27,5,8,12,21,12,14,14,15,15,15,24,17,12,24,27,18,10,18,6,8,11,26,10,20,12,Verizon Center,15
11,Houston Rockets,2008,2,25,17,14,20,10,7,26,21,24,14,27,25,25,9,6,1,15,14,8,9,5,22,2,3,15,2,4,2,19,7,23,1,7,9,2,10,7,8,3,18,13,23,25,4,6,6,7,7,9,11,8,17,2,20,24,7,16,11,7,27,2,20,6,9,Toyota Center,16
12,Philadelphia 76ers,2008,2,22,11,17,11,30,29,30,3,2,15,18,10,30,2,28,14,23,3,10,12,7,23,7,11,8,17,18,20,14,10,5,20,3,3,28,18,3,4,23,7,21,6,18,7,17,17,14,14,14,23,14,18,8,20,11,29,22,13,1,15,20,2,23,6,Wachovia Center,23
13,Phoenix Suns,2008,1,18,2,9,1,4,5,1,5,22,1,13,20,4,30,4,20,1,22,2,14,8,3,10,29,30,12,5,5,7,30,30,10,7,7,8,30,12,25,6,14,2,20,15,25,6,6,9,9,7,13,6,2,16,4,21,5,1,13,29,14,8,29,29,2,US Airways Center,14
14,Dallas Mavericks,2008,1,25,15,24,9,19,19,20,12,18,8,7,14,1,21,7,8,20,29,10,4,22,12,2,6,11,4,1,1,4,15,22,3,23,23,21,9,6,5,3,5,8,30,13,6,10,10,9,9,10,10,10,8,9,22,12,19,12,5,16,7,4,30,4,22,American Airlines Center,4
15,Toronto Raptors,2008,1,9,7,13,7,11,14,2,10,11,11,27,30,2,26,14,27,5,19,24,1,4,13,18,12,13,15,28,28,20,4,4,16,4,4,30,4,21,13,14,1,5,12,29,10,15,15,12,12,12,26,12,9,13,22,30,17,7,1,25,27,21,10,4,6,Air Canada Centre,9
16,Denver Nuggets,2008,0,5,3,2,6,13,10,19,4,7,7,1,1,19,15,2,4,3,1,1,20,17,2,23,28,29,14,29,29,17,28,29,15,11,13,1,28,27,28,30,23,17,2,1,29,11,11,11,11,11,16,11,11,10,1,1,13,9,9,21,2,14,6,22,5,Pepsi Center,17
1,Los Angeles Lakers,2009,16,21,2,4,4,14,15,19,2,6,3,10,8,14,3,6,1,2,1,10,11,16,3,8,18,24,6,21,28,3,12,16,10,8,11,2,24,11,19,26,20,14,4,8,13,2,2,2,2,2,30,3,3,6,5,18,17,5,5,3,20,8,6,17,6,STAPLES Center,8
2,Orlando Magic,2009,13,27,26,26,14,1,2,6,30,30,7,10,4,30,27,1,3,29,20,6,12,9,10,3,9,20,3,2,3,2,16,29,1,6,8,3,8,25,24,1,9,2,25,6,6,4,4,4,4,4,21,4,11,1,12,3,1,3,19,28,6,1,25,2,4,Amway Arena,18
3,Denver Nuggets,2009,10,27,10,22,5,14,17,13,14,18,5,1,1,20,15,11,15,6,3,2,24,26,6,3,11,18,4,26,27,14,8,13,4,25,24,24,26,7,15,19,23,27,5,2,18,5,5,8,8,8,24,8,7,8,5,1,14,7,24,15,1,5,7,22,25,Pepsi Center,17
4,Cleveland Cavaliers,2009,10,21,14,24,6,3,5,2,24,29,7,18,15,21,18,8,7,19,15,7,5,9,13,8,2,10,1,5,12,1,3,10,3,10,9,15,12,4,3,4,3,4,16,20,1,1,1,1,1,1,22,1,4,3,25,11,4,4,6,10,14,2,10,8,11,Quicken Loans Arena,4
5,Boston Celtics,2009,7,7,9,28,2,18,21,1,13,20,2,12,10,17,20,6,8,4,7,17,27,27,11,21,1,9,1,8,13,5,1,9,1,20,21,17,6,2,2,3,12,12,9,7,3,3,3,2,2,3,19,2,5,2,18,8,19,2,29,7,6,3,9,3,23,TD Banknorth Garden,12
6,Houston Rockets,2009,7,14,23,21,22,6,6,10,27,24,16,15,21,5,22,2,4,19,25,24,14,1,17,11,13,17,5,4,3,11,18,27,5,2,2,1,10,9,6,8,13,22,28,15,6,8,8,6,6,6,23,6,14,4,19,20,5,13,21,17,16,4,28,4,2,Toyota Center,16
7,Dallas Mavericks,2009,5,14,7,6,9,12,7,25,12,16,6,20,26,2,13,5,5,8,15,9,5,4,9,11,19,19,12,9,6,19,21,22,8,15,10,29,14,18,17,6,13,4,26,22,15,9,9,10,10,10,25,11,5,17,16,27,10,9,3,16,22,9,25,8,10,American Airlines Center,5
8,Atlanta Hawks,2009,4,29,24,24,11,8,7,15,25,26,10,15,9,28,20,21,23,23,11,19,7,5,19,1,15,16,10,10,16,7,13,15,15,4,6,13,22,14,21,13,7,8,19,17,10,12,12,11,11,12,11,10,10,11,24,9,6,9,6,19,13,11,12,24,5,Philips Arena,20
9,Chicago Bulls,2009,3,2,7,5,14,22,23,6,7,3,23,7,14,7,7,15,8,13,8,4,19,18,8,28,21,26,14,5,7,4,25,28,18,21,19,27,28,15,25,14,18,27,12,14,21,15,15,16,16,16,14,16,14,18,9,17,24,21,17,6,11,9,15,28,18,United Center,2
10,Miami Heat,2009,3,1,13,15,14,10,7,22,17,19,12,27,24,23,26,21,28,17,5,4,3,16,18,30,8,8,12,25,18,28,5,7,9,19,20,17,16,21,21,10,5,4,6,26,12,14,14,14,14,14,7,14,20,11,22,23,8,16,3,24,26,16,4,19,21,AmericanAirlines Arena,15
11,Portland Trail Blazers,2009,2,11,15,23,8,8,12,4,19,22,10,20,16,17,1,27,12,19,25,13,8,12,14,18,7,2,17,5,5,18,9,11,12,7,4,30,2,1,1,5,3,3,24,12,4,5,5,5,5,5,28,5,1,13,30,14,12,8,6,1,17,14,12,5,12,Rose Garden Arena,3
12,Philadelphia 76ers,2009,2,24,18,18,10,29,29,30,6,6,14,6,6,25,2,28,17,24,4,10,14,6,22,5,13,11,18,21,23,16,9,7,21,5,5,24,20,3,5,23,11,16,3,9,11,15,15,15,15,15,15,15,19,13,21,4,29,24,19,2,4,19,3,25,8,Wachovia Center,23
13,Utah Jazz,2009,1,7,6,16,3,26,26,26,3,4,4,3,3,13,11,19,18,1,1,19,22,23,7,21,16,12,20,12,14,12,14,12,22,24,24,11,18,7,9,9,25,20,2,1,18,11,11,9,9,9,27,9,8,10,9,2,27,9,21,5,2,18,2,20,26,EnergySolutions Arena,6
14,San Antonio Spurs,2009,1,4,12,18,7,6,10,3,19,23,9,30,30,19,30,4,18,10,30,27,1,1,23,25,12,14,9,3,1,24,18,24,6,1,1,13,1,24,10,1,7,8,30,30,2,5,5,7,7,7,29,7,13,5,26,30,7,5,1,30,30,7,29,1,1,AT&T Center,14
15,New Orleans Hornets,2009,1,24,28,27,14,13,14,17,26,25,13,25,28,3,28,16,26,28,15,26,3,9,26,5,3,3,7,19,24,8,2,1,15,8,7,19,4,13,8,10,2,1,21,19,5,10,10,11,11,13,20,13,12,9,28,22,11,13,6,24,18,12,12,7,16,New Orleans Arena,19
16,Detroit Pistons,2009,0,4,21,17,20,28,28,26,8,5,22,28,27,24,9,16,16,16,29,19,2,19,28,25,5,5,8,1,2,8,11,18,7,18,17,20,8,12,10,10,1,7,29,27,8,17,17,16,16,17,11,17,21,16,29,23,28,25,1,7,26,5,29,11,20,The Palace of Auburn Hills,1
1,Los Angeles Lakers,2010,16,12,9,7,18,13,10,23,10,13,13,17,17,12,3,4,2,15,11,15,6,3,12,17,13,23,5,11,24,1,13,16,11,2,2,7,15,19,18,21,10,7,18,12,9,3,3,5,5,6,10,5,11,4,14,19,12,15,5,7,18,6,18,9,2,STAPLES Center,7
2,Boston Celtics,2010,15,17,21,30,4,16,16,17,19,27,1,14,10,21,30,23,29,2,2,15,21,22,19,7,3,4,9,3,5,4,5,6,11,21,23,5,9,8,9,4,10,14,2,8,5,9,9,8,8,9,26,10,15,5,21,7,11,5,27,28,6,9,2,12,24,TD Garden,9
3,Phoenix Suns,2010,10,26,1,13,1,3,6,1,12,24,3,5,8,11,14,6,6,4,29,11,20,16,1,3,24,30,11,22,24,17,22,30,9,21,21,17,29,6,19,14,26,11,25,7,26,5,5,5,5,5,25,6,1,23,4,11,5,1,17,7,10,11,30,29,16,US Airways Center,16
4,Orlando Magic,2010,10,26,24,27,7,1,1,3,30,30,2,10,7,29,25,1,5,25,27,4,14,7,6,3,7,16,1,12,11,21,7,20,1,3,3,9,3,14,8,2,5,1,27,4,4,2,2,1,1,1,30,1,4,3,18,4,1,2,17,25,7,1,26,1,3,Amway Arena,17
5,Cleveland Cavaliers,2010,6,17,15,28,3,8,8,2,21,28,3,12,5,30,27,3,11,5,21,10,11,3,9,7,6,11,3,12,15,10,5,9,3,11,11,15,2,3,2,10,4,2,28,14,5,1,1,2,2,2,29,2,6,6,24,3,7,3,16,21,7,3,24,2,13,Quicken Loans Arena,2
6,Utah Jazz,2010,4,25,3,23,2,23,25,7,2,9,5,3,2,23,20,9,12,1,4,15,26,29,4,6,4,6,8,20,22,15,2,4,10,28,28,19,7,4,3,8,23,25,5,4,12,6,6,3,3,3,15,3,8,10,9,4,24,4,26,13,4,13,5,5,30,EnergySolutions Arena,6
7,Atlanta Hawks,2010,4,10,6,12,10,14,15,9,8,11,11,20,23,15,5,23,17,11,15,14,1,7,12,20,13,10,16,5,6,9,15,14,16,3,6,3,18,12,15,17,2,7,20,28,9,6,6,5,5,7,24,7,2,13,27,24,18,11,1,4,23,16,18,24,8,Philips Arena,18
8,San Antonio Spurs,2010,4,17,8,18,6,10,11,11,14,20,7,19,18,24,17,5,9,7,26,22,10,13,15,7,11,13,11,1,1,6,20,28,5,10,9,13,5,10,5,3,7,19,30,19,8,9,9,3,3,4,16,4,9,8,19,14,9,7,11,13,20,4,28,4,10,AT&T Center,10
9,Milwaukee Bucks,2010,3,1,20,2,29,5,5,12,26,17,29,30,29,17,5,11,6,14,16,20,4,23,22,30,2,3,9,2,2,6,7,8,8,26,27,23,1,27,23,4,10,19,3,20,7,14,14,14,14,14,28,14,23,2,19,30,6,25,3,18,30,8,4,3,29,Bradley Center,23
10,Denver Nuggets,2010,2,17,12,17,10,12,12,10,15,18,9,1,1,9,17,16,20,17,3,11,11,27,3,7,16,17,14,12,14,13,15,17,14,27,26,27,26,17,19,17,10,23,5,1,20,6,6,8,8,8,10,8,3,16,5,1,12,9,6,19,1,14,9,25,24,Pepsi Center,13
11,Dallas Mavericks,2010,2,5,9,14,12,10,13,5,15,15,15,16,25,1,23,10,17,3,9,6,3,1,11,22,17,19,15,12,16,10,17,19,15,7,4,16,18,22,25,9,7,4,10,21,15,4,4,12,12,12,19,12,10,12,17,26,14,11,3,26,15,14,11,15,6,American Airlines Center,4
12,Oklahoma City Thunder,2010,2,15,19,20,14,25,23,25,9,7,17,2,3,2,9,8,3,23,6,1,23,20,14,15,10,14,6,5,10,3,12,20,5,18,17,21,23,6,10,7,20,14,5,10,11,9,9,10,10,10,10,9,12,9,11,6,23,18,24,3,2,4,7,16,17,Oklahoma City Arena,12
13,Portland Trail Blazers,2010,2,10,27,26,15,17,19,13,23,23,17,9,12,3,14,28,26,21,25,24,2,16,21,20,7,2,18,5,8,6,10,5,20,6,8,3,3,1,1,4,1,4,23,9,3,9,9,10,10,11,21,11,7,15,30,10,17,14,2,4,5,17,15,7,14,Rose Garden Arena,3
14,Chicago Bulls,2010,1,2,17,10,23,29,29,28,3,2,25,18,20,18,12,2,1,19,23,2,15,11,24,27,12,26,3,27,28,12,9,12,4,13,14,2,18,22,22,15,10,23,24,24,13,17,17,18,18,18,14,18,27,11,11,20,29,28,15,16,21,6,24,7,9,United Center,1
15,Miami Heat,2010,1,5,26,25,17,17,17,19,22,21,20,20,21,19,19,13,14,28,12,4,4,16,25,22,1,5,2,12,20,4,1,3,2,19,19,9,8,14,10,1,3,6,12,24,2,13,13,13,13,13,26,13,19,6,28,14,16,15,9,19,17,2,8,6,22,AmericanAirlines Arena,15
16,Charlotte Bobcats,2010,0,5,29,29,22,22,22,19,27,25,22,4,5,20,21,18,22,22,8,7,28,5,28,22,5,7,6,25,30,2,2,2,13,1,1,1,9,4,6,10,20,28,3,6,1,15,15,15,15,15,22,15,24,1,26,2,19,24,30,17,3,11,3,10,1,Time Warner Cable Arena,22
1,Dallas Mavericks,2011,16,29,13,24,4,8,5,11,25,29,1,24,25,8,28,6,14,1,23,23,12,4,11,1,11,15,8,10,16,7,13,12,10,3,5,4,14,12,12,10,23,2,23,23,10,4,4,8,8,8,11,8,8,7,17,21,3,3,21,26,18,9,17,7,3,American Airlines Center,4
2,Miami Heat,2011,14,20,19,29,2,11,15,7,18,27,2,3,3,12,26,2,9,26,25,9,11,14,8,5,5,13,2,18,21,9,1,7,4,10,16,2,8,2,2,4,9,1,27,4,6,3,3,1,1,1,29,1,3,5,20,2,10,4,17,19,3,3,26,4,11,AmericanAirlines Arena,5
3,Oklahoma City Thunder,2011,9,1,13,17,10,18,19,19,9,12,9,1,2,1,15,8,7,23,5,2,15,28,5,28,19,21,15,8,6,18,24,28,10,20,21,2,23,6,10,13,14,6,16,6,18,7,7,9,9,9,16,9,5,15,13,2,19,12,11,10,1,11,19,17,13,Chesapeake Energy Arena,13
4,Chicago Bulls,2011,9,12,18,22,12,15,17,13,12,14,16,14,11,26,6,3,2,9,17,5,17,8,19,14,2,9,1,1,4,1,5,19,1,9,7,15,4,1,1,2,5,26,14,23,2,1,1,1,1,2,30,2,11,1,22,9,18,12,17,4,14,1,11,2,10,United Center,1
5,Memphis Grizzlies,2011,7,6,3,8,6,30,30,27,1,1,15,17,14,23,6,24,16,21,1,7,12,17,12,22,9,7,13,27,23,24,5,5,13,11,12,11,18,3,8,14,19,30,1,7,13,11,11,10,10,10,9,10,16,9,15,18,30,19,9,6,20,18,1,21,13,FedEx Forum,27
6,Atlanta Hawks,2011,6,28,23,25,12,17,16,17,21,23,10,29,29,6,29,20,27,12,29,27,9,1,26,3,13,10,18,5,8,4,15,13,17,4,3,25,5,16,10,16,3,5,29,29,9,13,13,16,16,16,23,18,20,13,27,29,15,12,17,29,27,12,29,10,4,Philips Arena,22
7,Boston Celtics,2011,5,20,20,30,1,26,28,11,7,20,3,20,21,10,30,13,29,4,3,27,22,15,23,5,1,4,2,3,2,5,2,9,2,13,16,8,8,3,4,1,9,9,5,22,1,6,6,4,4,6,27,6,18,1,22,9,27,7,28,30,8,2,3,9,19,TD Garden,11
8,Los Angeles Lakers,2011,4,12,10,11,11,12,14,17,8,11,10,10,17,6,4,6,3,12,14,10,5,1,9,14,13,27,5,19,28,3,11,20,5,1,1,16,29,7,19,22,11,11,23,17,8,4,4,3,3,3,20,3,6,6,21,16,16,11,1,5,13,5,21,22,1,STAPLES Center,8
9,San Antonio Spurs,2011,2,20,5,16,4,4,7,1,22,26,7,11,14,14,23,9,12,8,14,18,6,1,6,5,19,24,12,7,2,21,25,29,8,2,2,17,16,17,16,8,5,12,26,17,14,2,2,5,5,4,12,4,2,11,14,13,6,1,7,21,12,10,26,10,2,AT&T Center,12
10,Orlando Magic,2011,2,12,24,26,14,1,1,10,30,30,4,21,5,30,17,1,6,26,24,16,25,8,16,14,4,11,4,13,16,10,4,10,3,8,10,1,2,11,6,4,17,3,17,4,4,8,8,5,5,5,27,5,14,3,18,5,1,6,26,15,14,3,14,1,7,Amway Center,9
11,Portland Trail Blazers,2011,2,18,24,19,24,13,12,21,24,21,23,18,28,3,4,30,27,16,5,20,1,5,24,12,7,1,20,15,13,21,5,2,22,6,6,19,11,3,6,3,5,4,4,10,7,10,10,12,12,12,8,12,10,14,30,27,12,22,5,3,17,22,2,24,16,Rose Garden Arena,2
12,New Orleans Hornets,2011,2,12,26,26,18,22,25,14,14,13,20,21,21,15,24,18,24,21,8,20,1,18,27,14,6,2,13,19,19,12,2,1,16,5,4,21,1,12,3,15,1,16,10,20,5,11,11,14,14,14,5,13,18,10,29,15,21,19,7,20,16,17,6,2,9,New Orleans Arena,26
13,Denver Nuggets,2011,1,29,5,17,3,7,8,3,18,25,5,2,1,15,26,5,11,10,12,23,15,18,1,1,21,26,16,23,29,8,19,15,20,19,19,8,8,19,18,20,19,27,20,1,21,9,9,7,7,7,15,7,1,16,2,1,7,2,11,27,2,14,24,5,12,Pepsi Center,16
14,Indiana Pacers,2011,1,20,22,9,26,10,9,16,26,17,25,6,10,5,13,3,5,28,19,6,27,22,13,5,17,23,7,10,11,16,16,24,6,23,23,4,23,25,25,7,19,24,17,7,17,19,19,18,18,19,24,19,23,12,6,12,9,22,24,17,8,7,21,15,22,Conseco Fieldhouse,30
15,Philadelphia 76ers,2011,1,4,10,10,14,22,24,15,4,5,18,25,25,10,19,10,13,6,8,23,1,6,18,26,11,14,9,6,9,5,14,23,9,18,18,24,14,23,22,17,11,12,13,27,12,16,16,13,13,13,26,14,17,7,16,28,25,18,1,23,26,7,12,12,16,Wells Fargo Center,25
16,New York Knicks,2011,0,20,7,6,19,2,2,8,27,28,8,4,6,2,21,18,19,15,8,4,10,21,2,5,27,25,25,15,13,25,27,26,23,24,24,13,26,28,28,8,11,9,6,16,27,15,15,15,15,15,24,15,7,22,2,11,2,8,5,24,4,23,8,26,23,Madison Square Garden (IV),6
1,Miami Heat,2012,16,6,12,26,4,20,23,9,5,14,4,6,8,7,24,12,21,20,3,9,21,14,7,24,6,8,5,29,27,25,1,5,5,8,11,1,9,3,1,8,26,3,3,8,4,4,4,3,3,4,19,4,8,4,15,4,21,5,23,18,4,8,3,10,11,AmericanAirlines Arena,4
2,Oklahoma City Thunder,2012,13,8,11,25,3,9,12,11,15,27,2,1,2,1,19,3,5,30,16,1,30,23,3,22,15,28,3,14,17,9,16,26,4,22,20,28,29,1,12,9,25,13,19,11,17,3,3,4,4,3,11,3,2,10,6,1,9,2,30,10,1,4,23,23,16,Chesapeake Energy Arena,13
3,Boston Celtics,2012,11,16,23,30,5,21,24,7,16,16,9,24,27,5,30,14,30,2,16,5,17,18,26,9,1,7,1,2,3,1,4,15,2,18,19,22,21,21,21,1,15,8,5,24,2,10,10,9,9,11,18,12,25,1,21,22,24,10,25,30,17,2,4,20,19,TD Garden,11
4,San Antonio Spurs,2012,10,16,1,7,1,2,7,1,10,21,3,18,17,19,25,5,9,4,20,24,3,2,2,9,25,25,17,9,10,19,25,26,14,2,2,18,2,15,10,5,5,15,24,21,16,1,1,2,2,2,15,2,1,10,7,20,7,1,3,24,19,15,24,1,2,AT&T Center,12
5,Philadelphia 76ers,2012,7,23,9,5,15,24,25,8,4,3,25,30,30,21,22,6,7,10,11,12,1,4,22,6,3,11,3,3,2,6,10,20,3,6,6,14,4,29,25,5,1,11,21,30,3,16,16,5,5,5,26,5,20,3,24,30,25,19,1,25,30,3,19,4,8,Wells Fargo Center,14
6,Indiana Pacers,2012,6,8,21,16,24,19,22,6,19,11,28,2,3,3,6,9,4,29,15,9,5,28,13,22,8,12,6,20,22,16,4,9,6,24,25,2,24,11,16,5,3,27,10,4,10,5,5,6,6,7,27,9,7,9,19,3,21,23,7,5,2,6,11,21,22,Bankers Life Fieldhouse,29
7,Los Angeles Lakers,2012,5,3,14,21,7,21,19,25,8,13,6,8,9,16,8,1,2,6,30,11,19,1,15,26,22,30,9,20,25,14,22,28,7,1,1,6,19,7,9,23,28,8,30,10,15,6,6,13,13,13,5,13,10,13,20,9,18,13,19,6,8,6,30,5,1,STAPLES Center,8
8,Los Angeles Clippers,2012,4,10,13,17,10,4,5,12,21,26,7,21,10,29,8,27,21,13,6,20,2,25,14,16,4,1,14,26,22,27,2,1,12,27,27,8,6,5,1,16,2,5,16,5,13,8,8,9,9,10,14,7,4,18,26,11,5,7,2,4,19,20,8,14,28,STAPLES Center,7
9,Denver Nuggets,2012,3,6,2,15,2,15,13,23,3,17,1,3,1,25,16,7,8,1,9,16,25,17,1,24,27,26,23,30,30,30,12,11,19,7,6,20,14,6,5,27,18,30,6,1,28,11,11,9,9,9,13,6,3,20,2,2,12,2,18,12,3,26,7,8,4,Pepsi Center,16
10,Memphis Grizzlies,2012,3,16,16,12,16,27,28,25,2,2,21,10,12,13,5,22,16,24,1,12,14,18,20,9,4,3,11,12,13,11,4,4,12,20,22,25,9,8,7,4,15,22,1,18,5,6,6,12,12,12,7,10,19,7,18,13,28,24,15,3,10,11,1,19,25,FedEx Forum,20
11,Atlanta Hawks,2012,2,1,14,19,11,7,10,5,20,23,10,23,24,23,28,11,23,8,10,23,5,6,17,29,14,16,11,5,6,10,16,20,11,4,5,15,6,23,16,12,7,10,9,20,6,8,8,6,6,6,29,8,16,6,22,21,10,8,11,26,24,10,6,7,5,Philips Arena,23
12,Chicago Bulls,2012,2,16,9,7,12,17,18,3,12,8,18,27,23,27,1,2,1,5,24,3,5,2,18,9,6,19,2,1,1,3,14,30,1,3,3,4,17,1,3,2,5,19,26,28,1,1,1,1,1,1,28,1,5,2,28,24,20,14,8,1,26,1,26,8,3,United Center,1
13,New York Knicks,2012,1,16,20,20,17,4,2,21,27,29,8,7,7,22,15,17,18,18,2,26,29,24,11,9,10,6,10,20,20,23,7,6,9,22,24,3,8,16,14,2,24,18,2,2,11,13,13,6,6,8,30,11,17,5,5,6,2,11,27,18,6,11,2,12,23,Madison Square Garden (IV),5
14,Orlando Magic,2012,1,10,26,27,21,1,1,3,30,30,16,28,12,30,16,12,12,20,25,26,18,5,21,16,12,9,15,12,11,13,11,12,14,5,4,30,1,17,12,12,7,2,29,13,7,12,12,14,14,15,20,17,15,12,29,10,1,4,23,20,23,14,24,2,7,Amway Center,9
15,Utah Jazz,2012,0,1,3,4,9,28,29,27,1,1,12,5,4,17,3,14,3,11,7,4,11,29,4,29,15,13,18,16,22,7,13,10,22,29,29,16,9,9,10,12,7,23,13,7,23,13,13,16,16,16,12,15,6,19,12,8,29,17,5,2,6,22,15,11,28,EnergySolutions Arena,6
16,Dallas Mavericks,2012,0,3,19,14,17,7,4,20,24,25,10,22,26,9,27,3,11,14,4,14,5,8,19,26,11,17,6,28,29,12,7,7,8,11,11,12,9,28,26,12,29,1,13,24,12,13,13,14,14,14,1,14,22,8,12,27,4,15,11,28,25,8,13,5,14,American Airlines Center,3
1,Miami Heat,2013,16,5,5,30,1,3,6,2,19,28,1,12,9,16,28,15,30,7,3,9,4,8,5,24,5,10,5,20,24,11,4,5,9,8,7,27,19,5,5,5,16,1,5,9,5,1,1,2,2,2,30,2,2,9,23,8,5,1,12,26,6,9,4,23,13,AmericanAirlines Arena,3
2,San Antonio Spurs,2013,15,5,2,19,2,7,7,4,6,22,3,15,21,3,29,3,20,1,5,9,16,1,4,24,18,26,8,4,4,12,25,30,4,4,4,21,16,16,18,8,21,15,12,21,11,3,3,4,4,4,11,3,7,3,6,20,9,2,19,29,13,5,13,3,3,AT&T Center,10
3,Indiana Pacers,2013,11,12,29,24,26,16,15,22,27,20,24,7,8,19,3,5,1,27,22,4,23,14,23,19,2,16,1,1,2,1,7,27,1,8,8,21,19,8,8,2,9,20,24,3,2,8,8,8,7,8,29,9,19,1,25,9,11,22,26,4,7,1,26,5,10,Bankers Life Fieldhouse,25
4,Memphis Grizzlies,2013,8,17,23,17,21,30,30,24,2,1,25,16,16,9,3,24,11,24,4,12,5,16,26,10,1,1,3,3,6,2,2,4,3,7,10,11,3,4,1,4,6,19,6,13,1,5,5,6,6,7,13,6,17,2,30,17,30,28,8,2,16,3,2,9,20,FedEx Forum,19
5,Golden State Warriors,2013,6,17,6,9,10,8,13,1,16,14,18,13,16,4,21,1,2,15,27,27,23,29,7,10,14,25,4,27,29,7,8,12,9,24,24,11,16,20,19,24,21,15,24,19,19,10,10,11,11,12,6,11,11,14,4,22,14,10,19,21,17,8,28,1,22,Oracle Arena,5
6,New York Knicks,2013,6,27,19,15,15,1,1,4,30,30,11,21,20,13,18,25,25,30,11,30,1,15,11,1,5,2,18,25,25,14,3,1,23,17,16,16,1,19,10,3,1,3,11,19,7,7,7,7,7,6,27,7,3,18,26,20,1,7,1,19,21,22,4,4,23,Madison Square Garden (IV),7
7,Oklahoma City Thunder,2013,5,13,7,29,2,13,16,3,11,21,5,1,2,1,25,3,6,21,9,1,27,16,3,15,9,27,2,15,22,5,5,22,2,16,12,28,27,3,6,6,21,2,13,8,9,2,2,1,1,1,15,1,1,4,10,2,12,3,29,15,1,2,18,16,10,Chesapeake Energy Arena,11
8,Chicago Bulls,2013,5,13,27,13,25,29,29,20,14,6,28,17,19,9,6,14,8,7,22,15,10,12,28,15,4,8,9,2,1,5,15,24,5,14,18,6,11,10,9,1,6,21,22,17,3,11,11,13,13,14,21,14,23,6,27,19,29,29,10,5,17,4,21,13,16,United Center,1
9,Brooklyn Nets,2013,3,8,25,27,13,9,7,17,28,25,13,9,7,24,5,20,10,27,19,17,16,4,17,20,16,9,23,4,3,21,23,21,20,1,1,1,5,2,3,8,9,12,26,5,6,8,9,10,10,10,28,12,8,17,28,7,7,13,19,3,7,20,23,12,2,Barclays Center,16
10,Denver Nuggets,2013,2,4,1,2,4,20,19,25,1,3,4,6,3,28,1,10,2,3,2,3,27,20,1,27,22,29,11,29,29,20,13,19,12,15,21,1,29,6,10,25,18,28,3,4,23,4,4,5,5,5,10,5,5,11,2,4,22,7,10,1,9,13,8,27,7,Pepsi Center,14
11,Houston Rockets,2013,2,22,7,10,9,2,1,8,29,29,6,3,4,16,17,7,7,5,9,24,30,18,2,7,25,28,15,28,27,22,21,22,16,17,12,29,5,12,10,18,28,26,13,9,28,11,11,9,9,9,12,8,6,16,1,4,2,5,30,17,4,19,18,2,9,Toyota Center,18
12,Los Angeles Clippers,2013,2,27,4,24,4,10,9,15,9,23,2,17,9,27,15,17,17,4,1,7,13,24,8,1,3,3,9,20,17,26,1,2,6,24,24,13,10,1,1,14,8,4,1,7,4,5,5,3,3,3,14,4,4,8,19,10,8,4,16,7,15,10,1,15,29,STAPLES Center,6
13,Atlanta Hawks,2013,2,8,11,21,7,5,4,7,22,26,8,28,27,26,27,11,23,2,14,22,21,3,13,20,18,20,13,20,13,28,15,20,9,3,3,26,21,26,25,15,25,6,9,25,13,14,14,13,13,13,25,15,18,10,12,25,4,6,24,26,26,15,9,13,4,Philips Arena,26
14,Boston Celtics,2013,2,1,17,28,6,25,26,15,9,17,9,19,21,6,29,12,29,10,11,22,13,26,18,30,8,15,7,10,13,4,10,15,8,23,24,8,22,24,23,11,13,10,7,18,12,16,16,16,15,16,24,17,24,7,16,16,24,12,23,30,13,6,9,19,23,TD Garden,12
15,Los Angeles Lakers,2013,0,25,15,21,10,3,3,19,26,27,7,2,1,30,13,2,4,17,25,14,22,2,6,5,30,30,14,18,20,14,29,29,14,2,2,3,23,14,19,22,28,12,29,1,22,11,11,11,11,11,9,10,9,20,5,1,3,9,16,13,2,15,29,9,1,STAPLES Center,8
16,Milwaukee Bucks,2013,0,13,7,1,27,13,11,13,11,2,27,26,23,22,2,13,5,9,7,2,8,9,12,15,23,24,15,7,8,8,28,28,14,21,19,19,29,29,30,21,18,7,2,21,20,18,18,18,18,19,21,18,22,12,3,27,16,24,3,11,26,10,6,28,15,BMO Harris Bradley Center,27
1,San Antonio Spurs,2014,16,25,1,12,2,12,16,1,3,14,4,27,30,4,26,4,12,1,20,8,11,1,6,3,14,24,8,1,1,9,26,28,6,4,4,19,10,14,11,6,15,14,25,25,6,1,1,1,1,1,15,1,6,3,10,30,16,2,12,24,27,4,23,4,3,AT&T Center,9
2,Miami Heat,2014,13,7,12,30,1,14,15,12,12,29,1,15,17,14,30,30,30,11,2,18,16,8,12,22,5,2,15,24,26,18,2,2,19,9,10,5,16,2,2,12,23,1,2,16,5,5,5,4,4,5,24,7,5,11,27,9,6,1,28,29,8,20,1,24,13,AmericanAirlines Arena,4
3,Oklahoma City Thunder,2014,10,20,6,14,6,14,14,14,6,21,5,5,8,2,18,6,6,13,9,2,24,28,5,10,8,16,3,27,28,14,3,8,4,17,25,1,18,4,3,13,24,5,9,16,12,2,2,3,3,3,13,3,6,6,9,8,14,6,19,14,5,6,10,9,16,Chesapeake Energy Arena,11
4,Indiana Pacers,2014,10,22,26,27,16,22,25,17,22,18,21,12,15,7,22,1,6,27,27,5,19,13,24,7,1,14,1,3,5,4,4,23,1,6,6,11,8,7,5,1,6,14,26,6,2,4,4,4,4,7,29,8,23,1,20,13,22,19,26,21,9,1,22,2,9,Bankers Life Fieldhouse,15
5,Los Angeles Clippers,2014,6,25,4,16,3,12,8,22,11,23,3,3,2,26,21,10,13,3,4,12,7,20,1,3,13,23,5,9,14,1,18,21,10,22,22,11,29,11,25,25,3,3,7,3,14,3,3,2,2,2,14,2,1,9,7,2,7,4,5,20,2,5,12,26,17,STAPLES Center,7
6,Washington Wizards,2014,6,1,9,9,10,16,19,4,6,9,12,29,25,25,18,17,20,7,11,15,15,13,16,30,11,7,17,12,12,5,14,8,21,14,13,23,4,20,11,17,15,7,4,23,8,14,14,15,15,15,30,15,16,7,18,25,18,11,13,17,30,14,2,7,15,Verizon Center,18
7,Portland Trail Blazers,2014,5,10,4,3,14,2,3,7,18,17,15,7,13,1,2,4,1,9,30,14,4,6,4,17,27,28,11,1,1,11,29,30,8,10,9,26,24,19,22,6,18,6,30,12,22,5,5,8,8,8,9,6,2,16,11,18,10,14,3,3,13,6,30,13,7,Moda Center,5
8,Brooklyn Nets,2014,5,7,29,29,10,10,10,11,30,28,9,10,9,18,28,28,29,24,4,28,12,21,21,22,7,4,17,17,16,22,6,3,16,21,20,19,21,13,18,9,10,9,6,11,10,14,14,19,19,19,23,20,14,18,25,5,4,10,22,27,7,18,3,28,25,Barclays Center,17
9,Dallas Mavericks,2014,3,15,2,11,3,8,12,2,10,19,6,20,23,3,22,23,26,6,4,21,3,10,8,12,14,10,22,22,24,15,13,7,26,20,19,17,24,9,16,15,15,3,4,21,19,10,10,10,10,12,7,11,3,22,16,23,13,4,5,23,19,24,5,25,22,American Airlines Center,2
10,Golden State Warriors,2014,3,15,3,6,9,2,6,4,13,20,10,25,23,18,17,2,4,7,13,10,22,22,10,12,9,22,3,7,9,3,15,25,3,22,20,23,13,24,20,8,21,10,11,25,10,8,8,4,4,4,12,4,12,4,6,29,7,8,15,18,28,3,16,5,18,Oracle Arena,6
11,Toronto Raptors,2014,3,2,23,23,21,9,10,7,28,23,23,6,7,5,11,20,17,20,25,23,9,29,13,28,5,6,9,7,6,16,10,14,9,24,24,7,8,5,4,9,9,11,13,5,7,11,11,9,9,9,28,12,10,10,23,6,11,15,11,9,6,10,7,12,26,Air Canada Centre,10
12,Atlanta Hawks,2014,3,15,18,24,13,2,2,13,27,27,8,17,22,6,29,18,28,2,9,25,24,6,14,12,23,19,21,14,15,20,19,16,19,7,7,4,16,25,22,24,24,11,9,20,15,18,18,16,16,17,18,16,18,14,13,21,2,9,26,28,16,19,8,16,8,Philips Arena,28
13,Memphis Grizzlies,2014,3,20,14,22,7,30,30,19,1,1,11,30,29,23,9,21,19,13,14,15,4,4,27,10,3,3,9,12,11,11,4,6,11,5,4,26,2,1,1,4,6,19,18,29,3,9,9,14,14,14,6,13,15,7,30,25,30,18,10,2,29,12,12,7,10,FedEx Forum,20
14,Houston Rockets,2014,2,15,15,26,5,1,1,15,25,30,2,1,1,28,15,3,4,18,17,3,29,13,2,12,24,29,7,17,24,9,21,26,7,10,11,15,27,3,8,17,28,23,22,1,23,5,5,7,7,6,7,5,4,13,5,1,1,3,28,6,1,8,27,20,6,Toyota Center,13
15,Chicago Bulls,2014,1,4,30,27,30,26,28,24,25,13,30,12,15,7,11,9,10,10,21,7,17,4,30,26,2,9,2,3,3,7,7,19,2,2,3,9,13,6,7,2,14,28,16,9,1,11,11,13,13,13,26,14,28,2,29,13,25,30,24,9,9,2,15,11,4,United Center,1
16,Charlotte Bobcats,2014,0,6,25,21,25,25,27,23,13,8,27,14,9,24,25,7,15,16,29,8,1,1,23,25,10,16,6,17,16,24,9,15,4,2,1,18,1,28,20,9,1,21,28,9,4,16,16,16,16,16,27,17,24,5,21,10,27,25,1,26,15,9,26,1,2,Time Warner Cable Arena,25
1,Golden State Warriors,2015,16,26,1,3,1,2,4,1,9,21,2,23,26,9,21,4,6,1,4,2,18,13,1,2,10,27,1,5,7,5,15,28,1,24,23,27,27,18,24,9,25,2,5,26,15,1,1,1,1,1,16,1,2,1,1,26,7,1,14,21,25,1,7,18,22,Oracle Arena,7
2,Cleveland Cavaliers,2015,14,23,15,24,8,3,2,5,28,29,7,9,11,17,11,20,18,10,19,25,17,5,8,7,22,15,20,10,15,9,18,15,24,1,1,9,12,4,3,30,15,10,22,11,13,7,7,5,5,5,23,6,3,18,25,10,2,4,18,6,7,19,22,16,1,Quicken Loans Arena,2
3,Houston Rockets,2015,9,20,21,12,20,1,1,14,29,30,4,5,2,27,6,17,14,9,3,9,28,27,6,9,15,25,12,7,17,1,18,23,16,20,19,16,29,13,19,12,29,21,3,7,17,3,3,7,7,7,8,7,12,8,2,2,1,7,28,6,6,7,5,28,15,Toyota Center,14
4,Atlanta Hawks,2015,8,26,10,27,4,5,7,2,26,28,4,19,24,5,30,22,28,2,5,15,15,1,10,2,8,11,6,28,30,7,2,2,13,3,2,28,24,14,17,24,8,18,6,20,5,2,2,4,4,4,30,4,6,6,15,21,4,3,19,30,15,12,3,22,5,Philips Arena,17
5,Los Angeles Clippers,2015,7,26,3,12,2,3,5,3,18,26,1,7,4,28,28,10,20,3,13,9,2,23,2,2,7,7,10,21,25,14,5,5,12,28,28,5,9,16,12,21,2,1,15,3,16,3,3,2,2,2,12,2,1,15,10,6,3,2,2,28,8,14,16,9,27,STAPLES Center,9
6,Chicago Bulls,2015,6,8,23,18,22,15,16,10,22,19,23,3,4,3,6,7,3,14,28,5,12,2,15,19,15,29,3,3,3,2,27,29,2,5,8,15,27,9,14,5,10,23,28,6,9,9,9,7,7,10,24,10,11,11,21,5,15,20,12,5,3,2,29,19,2,United Center,1
7,Washington Wizards,2015,6,1,9,20,6,26,27,9,2,4,13,25,22,21,19,5,6,6,20,15,23,17,17,29,6,15,2,16,19,14,5,12,2,18,20,4,5,9,6,2,21,6,18,20,9,12,12,13,13,14,27,15,22,5,18,21,28,13,22,15,23,5,19,3,18,Verizon Center,13
8,Memphis Grizzlies,2015,6,6,13,23,8,29,29,22,1,2,19,10,14,7,21,15,20,14,6,24,6,8,20,24,3,4,10,18,19,18,3,6,10,2,2,6,8,11,8,4,8,20,8,13,2,5,5,7,7,8,8,8,13,3,26,13,29,20,9,16,9,12,6,11,4,FedEx Forum,18
9,San Antonio Spurs,2015,3,1,4,11,3,12,15,5,7,16,6,16,22,4,27,8,15,5,11,8,12,8,7,29,12,17,13,4,1,24,18,27,5,9,10,9,3,15,7,7,18,8,16,19,3,5,5,2,2,3,14,3,7,2,16,24,15,5,14,25,17,6,14,3,9,AT&T Center,12
10,Brooklyn Nets,2015,2,3,18,17,16,23,20,26,9,12,12,18,18,19,24,17,22,20,22,25,10,11,21,26,25,19,20,24,24,23,16,14,21,4,9,2,21,19,23,26,15,10,20,18,18,18,18,21,21,22,19,24,20,23,24,16,20,18,13,23,17,24,19,20,5,Barclays Center,20
11,Milwaukee Bucks,2015,2,3,16,25,7,23,26,7,6,8,15,23,25,12,15,25,24,7,1,11,28,28,22,26,1,4,5,20,26,8,1,2,9,22,22,6,21,7,12,17,27,15,1,17,8,15,15,15,15,15,26,16,26,3,13,23,25,13,29,13,21,8,1,24,24,BMO Harris Bradley Center,29
12,Dallas Mavericks,2015,1,8,2,6,5,7,8,11,9,20,3,15,16,16,19,22,23,8,9,18,4,14,3,19,19,21,16,30,28,27,11,8,14,16,13,18,30,26,29,17,7,4,4,2,25,9,9,10,10,11,7,9,5,19,9,19,9,6,3,24,20,21,4,29,14,American Airlines Center,3
13,Portland Trail Blazers,2015,1,13,8,5,17,6,3,8,21,22,11,27,28,1,15,1,2,12,27,18,9,2,9,14,24,30,6,1,1,6,29,30,5,6,7,22,15,23,25,6,21,2,28,28,11,8,8,5,5,6,13,5,8,10,12,30,6,8,9,20,27,3,29,7,2,Moda Center,8
14,Toronto Raptors,2015,0,13,11,12,12,7,9,11,20,23,8,4,6,2,15,27,26,22,18,23,3,18,4,14,19,10,26,10,13,12,18,12,28,14,18,3,19,6,9,19,4,19,13,13,18,11,11,10,10,9,29,12,4,24,21,8,8,8,4,11,4,24,13,24,15,Air Canada Centre,5
15,Boston Celtics,2015,0,8,5,1,21,13,13,27,7,10,13,28,27,14,11,11,13,4,8,30,10,20,13,19,22,23,16,7,10,4,23,24,18,19,17,20,13,25,26,14,6,21,10,26,21,16,16,18,18,18,28,19,18,12,5,28,13,20,7,16,29,15,11,14,15,TD Garden,16
16,New Orleans Pelicans,2015,0,23,11,18,10,19,23,4,9,9,20,20,20,17,10,17,16,11,25,1,6,6,16,7,17,11,20,2,3,2,28,26,21,12,10,23,9,5,5,7,3,28,28,28,11,13,13,13,13,13,10,13,8,22,27,18,23,10,7,4,19,16,28,13,11,Smoothie King Center,24
1,Cleveland Cavaliers,2016,16,9,8,19,9,2,3,7,24,29,4,26,24,21,12,8,9,13,27,26,10,13,8,21,5,4,14,8,7,11,5,10,15,9,11,5,5,8,5,8,6,7,23,12,4,3,3,4,4,4,30,4,3,10,27,22,3,3,13,9,23,12,20,5,14,Quicken Loans Arena,2
2,Golden State Warriors,2016,15,5,1,3,1,1,1,1,16,25,1,22,23,16,20,1,4,1,9,2,24,17,1,23,21,29,3,5,13,2,25,29,4,22,23,17,24,9,15,16,24,3,15,19,19,1,1,2,2,1,28,1,1,5,2,25,2,1,19,19,25,2,20,15,17,Oracle Arena,7
3,Oklahoma City Thunder,2016,11,11,2,5,3,17,17,17,3,11,2,4,7,10,1,2,1,10,20,4,26,16,2,13,15,27,5,12,14,8,21,28,6,18,18,15,22,1,2,9,26,9,26,15,15,5,5,3,3,3,24,3,2,13,10,8,19,3,24,1,5,5,27,15,14,Chesapeake Energy Arena,14
4,Toronto Raptors,2016,10,23,27,28,15,13,19,4,23,20,18,2,3,12,19,18,16,29,15,11,4,9,13,6,4,4,11,17,12,29,2,7,5,5,6,8,8,3,4,12,1,20,23,3,3,4,4,5,5,5,29,6,5,11,29,3,15,12,6,12,2,14,18,7,10,Air Canada Centre,4
5,Miami Heat,2016,7,11,13,27,4,27,28,27,4,9,8,18,14,23,22,6,13,23,27,1,14,4,23,13,8,13,9,3,3,11,19,24,6,5,5,27,10,6,6,2,10,3,27,20,5,7,7,10,10,12,21,12,13,9,25,11,27,11,18,17,13,6,25,6,6,AmericanAirlines Arena,6
6,San Antonio Spurs,2016,6,29,3,24,2,25,25,2,1,7,3,25,28,2,25,5,14,3,10,4,4,1,10,1,2,3,4,1,1,1,9,23,2,1,1,19,4,5,3,3,6,2,14,21,1,2,2,1,1,2,25,2,4,1,24,26,25,2,9,23,21,1,8,3,2,AT&T Center,12
7,Portland Trail Blazers,2016,5,19,9,8,16,5,6,4,22,21,15,14,14,19,3,8,5,21,25,18,17,25,6,9,15,14,16,15,8,26,18,21,12,26,27,2,15,12,13,11,15,15,23,21,20,12,12,13,13,13,10,13,6,20,12,17,7,8,16,3,19,15,25,13,25,Moda Center,8
8,Atlanta Hawks,2016,4,11,9,15,11,6,7,15,19,24,7,29,30,8,30,13,24,2,3,4,22,7,12,13,7,26,1,13,16,5,5,20,1,8,6,13,26,25,27,14,23,14,5,29,6,7,7,7,7,7,20,7,21,2,8,29,6,6,22,30,29,3,5,25,5,Philips Arena,23
9,Charlotte Hornets,2016,3,9,24,15,24,4,4,7,30,28,24,7,11,5,28,4,14,19,22,12,1,3,11,21,11,18,11,18,23,14,5,14,14,3,4,25,2,29,22,21,2,21,21,13,9,7,7,9,9,9,25,9,9,8,17,13,4,13,1,29,7,12,23,1,4,Time Warner Cable Arena,18
10,Indiana Pacers,2016,3,5,15,13,16,18,20,14,13,13,17,14,17,15,17,8,11,22,4,16,20,11,17,23,9,16,6,13,18,3,9,17,12,14,13,10,17,18,20,3,15,9,7,13,8,11,11,10,10,11,19,11,24,3,11,17,20,20,19,20,16,10,6,15,14,Bankers Life Fieldhouse,22
11,Boston Celtics,2016,2,23,7,1,24,12,11,28,12,10,18,8,12,6,3,15,6,6,2,22,11,29,5,6,10,18,7,5,10,4,15,21,11,27,27,13,24,22,26,6,13,21,2,10,13,7,7,8,8,8,27,8,10,4,3,20,13,24,3,9,14,8,3,25,27,TD Garden,13
12,Los Angeles Clippers,2016,2,11,15,25,6,8,9,6,20,25,6,11,4,29,29,15,25,11,7,10,3,24,7,13,5,14,2,8,10,5,5,19,3,24,25,10,28,23,29,7,4,1,9,1,7,6,6,5,5,6,22,5,7,5,14,4,9,3,3,28,8,3,10,28,24,STAPLES Center,10
13,Houston Rockets,2016,1,11,19,23,14,2,2,19,28,30,4,3,1,27,7,27,19,16,1,13,26,28,4,13,22,21,19,28,29,21,11,4,24,22,24,15,28,10,21,29,29,13,1,1,25,17,17,15,15,15,12,15,7,21,7,1,1,6,25,6,3,23,2,30,22,Toyota Center,15
14,Dallas Mavericks,2016,1,1,22,18,20,7,5,23,26,27,12,12,21,3,26,8,19,18,26,29,2,8,16,30,14,18,15,22,26,8,11,5,19,11,12,4,15,26,24,14,10,7,18,8,14,14,14,16,16,16,4,16,11,17,22,19,5,13,2,25,12,16,17,13,8,American Airlines Center,3
15,Detroit Pistons,2016,0,5,18,5,24,10,10,21,18,17,23,18,5,30,2,8,2,27,24,29,9,6,19,23,19,11,21,2,2,16,27,26,16,5,3,28,1,16,8,9,4,9,21,5,12,12,12,13,13,14,23,14,13,12,21,5,10,22,5,2,21,16,23,2,6,The Palace of Auburn Hills,25
16,Memphis Grizzlies,2016,0,11,26,22,23,27,25,29,10,4,27,5,8,8,8,30,28,24,6,21,6,25,24,13,3,1,18,28,28,22,1,1,22,27,26,23,12,12,11,13,3,27,3,9,11,14,14,20,20,20,13,20,19,19,27,6,26,29,6,8,4,24,1,20,30,FedEx Forum,20
1,Golden State Warriors,2017,16,18,1,8,1,3,5,3,5,22,1,17,17,9,19,3,7,1,1,1,22,11,1,7,13,29,1,7,20,1,16,27,3,14,14,3,30,6,14,13,27,3,1,21,11,1,1,1,1,1,22,1,1,2,4,20,6,1,19,18,21,1,7,29,11,Oracle Arena,8
2,Cleveland Cavaliers,2017,13,4,5,19,5,2,2,2,27,29,3,19,13,23,21,7,12,13,30,25,14,4,4,25,26,26,16,25,24,18,22,22,17,3,3,19,27,15,20,29,8,8,28,6,20,5,5,7,7,7,24,7,3,21,15,14,2,2,14,20,19,18,29,21,3,Quicken Loans Arena,2
3,Boston Celtics,2017,9,25,20,18,16,3,3,14,28,28,7,9,15,3,22,22,26,3,18,23,8,21,7,2,11,15,7,7,14,2,14,13,19,25,25,9,25,20,24,12,16,22,17,10,15,4,4,8,8,8,26,8,7,13,12,17,3,9,9,24,8,5,16,27,23,TD Garden,12
4,San Antonio Spurs,2017,8,13,13,24,6,16,25,1,13,11,15,18,24,7,16,12,10,7,11,2,10,7,14,14,3,9,2,2,3,5,10,18,2,6,7,12,9,5,5,6,14,5,12,16,2,2,2,2,2,2,16,2,9,1,27,18,24,10,14,14,17,2,7,6,6,AT&T Center,13
5,Washington Wizards,2017,7,7,2,10,2,16,20,8,3,6,7,20,22,12,13,23,22,6,2,23,20,27,5,22,21,12,24,16,16,19,16,11,25,17,21,1,20,9,11,15,11,9,3,16,21,9,9,9,9,9,29,9,7,19,10,25,23,6,16,12,22,24,2,24,16,Verizon Center,20
6,Houston Rockets,2017,6,18,4,7,12,1,1,15,29,30,2,2,1,20,9,14,7,3,5,20,25,15,2,7,27,27,23,20,25,3,27,18,28,11,10,22,22,17,19,26,23,16,4,8,26,3,3,3,3,3,12,3,2,18,3,2,1,3,24,10,1,21,11,21,7,Toyota Center,21
7,Toronto Raptors,2017,4,18,16,21,11,21,22,13,12,13,12,3,6,8,11,23,18,30,4,12,4,23,10,7,5,4,6,13,18,11,3,7,8,19,18,24,11,7,6,8,3,13,10,10,8,5,5,4,4,5,30,6,6,11,24,6,22,12,5,7,1,8,7,16,23,Air Canada Centre,3
8,Utah Jazz,2017,4,25,28,30,9,13,17,8,24,26,9,22,16,24,19,13,19,28,29,8,12,8,28,2,2,3,2,3,2,17,9,14,1,6,5,9,4,2,1,1,8,3,29,12,1,5,5,4,4,6,13,5,12,3,30,8,11,8,19,16,12,3,25,4,9,Vivint Smart Home Arena,6
9,Los Angeles Clippers,2017,3,25,9,26,2,9,11,6,17,22,4,6,3,26,23,11,21,15,18,21,7,14,6,2,11,14,11,9,10,8,12,14,9,16,16,15,14,12,12,17,6,1,22,1,12,5,5,4,4,4,11,4,5,12,16,1,9,4,6,22,1,6,21,10,13,STAPLES Center,10
10,Milwaukee Bucks,2017,2,18,19,29,4,21,24,10,14,18,6,21,20,19,25,28,29,5,10,6,18,17,20,7,7,5,16,20,22,9,8,4,24,15,14,12,17,8,8,26,11,9,9,23,9,13,13,16,16,16,20,17,13,19,26,16,21,7,19,22,17,20,4,26,19,BMO Harris Bradley Center,27
11,Atlanta Hawks,2017,2,4,23,21,18,19,15,23,18,17,14,13,5,28,13,9,9,10,5,14,28,5,21,25,13,23,5,28,29,15,6,9,6,4,4,15,22,15,16,19,29,22,2,3,10,11,11,19,19,19,25,20,27,4,10,4,15,19,28,15,12,8,2,18,5,Philips Arena,26
12,Chicago Bulls,2017,2,18,20,8,24,28,29,24,6,3,29,15,19,6,1,9,3,14,15,14,12,2,23,7,17,22,14,5,9,6,24,24,15,2,2,11,17,12,13,22,8,9,20,25,6,15,15,12,12,14,26,14,20,6,20,20,28,30,10,4,19,8,19,11,2,United Center,1
13,Memphis Grizzlies,2017,2,2,29,25,30,14,14,17,26,20,30,12,12,12,10,27,23,21,11,21,5,29,29,28,1,1,2,16,21,11,1,1,7,28,29,2,6,10,6,3,6,16,13,4,3,11,11,12,12,13,4,11,18,7,28,11,13,28,7,9,11,6,4,8,29,FedEx Forum,23
14,Oklahoma City Thunder,2017,1,13,9,5,17,26,18,30,6,7,13,8,4,26,1,7,1,25,14,8,23,24,11,14,15,13,19,4,4,14,23,23,13,21,24,6,5,4,3,6,23,28,18,5,16,10,10,11,11,11,8,10,16,10,9,4,18,24,19,1,8,13,18,3,20,Chesapeake Energy Arena,14
15,Portland Trail Blazers,2017,0,1,9,13,14,8,10,6,18,16,16,11,11,14,15,14,12,23,25,8,14,26,8,30,15,18,12,10,6,26,18,26,4,29,28,29,11,22,17,4,18,24,26,16,25,15,15,16,16,18,9,16,11,24,14,14,12,11,13,17,14,11,27,11,28,Moda Center,9
16,Indiana Pacers,2017,0,7,13,20,10,23,27,4,9,9,17,16,22,2,23,19,26,15,5,8,16,13,15,22,7,11,10,25,25,13,5,5,12,24,20,30,22,19,21,11,20,16,6,20,14,13,13,16,16,17,28,18,15,15,18,19,26,13,16,24,16,15,4,24,25,Bankers Life Fieldhouse,22
1,Golden State Warriors,2018,16,23,1,24,1,8,16,1,5,20,1,16,22,1,28,6,17,1,8,1,26,14,1,5,18,29,3,13,13,10,22,28,6,19,18,8,30,1,8,16,28,1,12,25,18,3,3,3,3,3,22,3,3,11,5,20,15,1,28,23,16,5,18,25,11,Oracle Arena,7
2,Cleveland Cavaliers,2018,12,23,10,26,4,3,5,6,20,28,4,6,8,10,27,16,23,11,24,28,9,5,5,5,29,25,28,28,29,20,24,12,28,3,4,5,18,17,17,28,12,3,26,6,26,6,6,14,14,14,28,14,5,29,12,6,4,3,10,27,6,28,26,17,2,Quicken Loans Arena,2
3,Houston Rockets,2018,11,18,22,27,15,1,1,13,30,30,2,2,3,9,23,10,17,26,5,14,11,12,2,9,17,14,15,9,10,7,19,14,20,3,6,3,3,15,4,11,11,5,10,10,6,1,1,1,1,1,26,1,1,6,13,3,1,2,12,21,1,13,11,3,4,Toyota Center,17
4,Boston Celtics,2018,11,12,25,24,21,6,10,2,27,23,25,21,20,17,20,6,7,20,23,18,13,17,20,16,3,12,2,4,9,1,6,17,4,15,15,12,13,20,20,4,5,5,18,22,3,4,4,6,6,6,28,7,18,1,22,18,8,15,14,17,19,2,14,11,16,TD Garden,11
5,New Orleans Pelicans,2018,5,1,2,3,2,18,18,13,2,6,4,19,17,13,26,2,10,3,8,3,22,8,3,30,27,30,9,19,24,8,27,29,9,12,9,28,29,23,25,20,22,4,10,10,29,8,8,13,13,13,6,12,10,14,1,22,20,4,17,28,22,9,22,20,8,Smoothie King Center,25
6,Philadelphia 76ers,2018,5,16,5,12,6,10,12,8,11,17,7,11,10,23,3,1,1,2,7,8,30,29,7,14,5,22,1,9,17,2,5,21,1,29,29,2,19,4,5,5,26,21,12,10,11,5,5,4,4,4,24,5,11,4,4,10,13,7,30,3,11,1,18,8,28,Wells Fargo Center,3
7,Utah Jazz,2018,5,18,25,29,13,13,13,11,24,26,12,13,15,10,23,11,20,21,4,8,19,14,19,9,2,3,5,5,3,17,4,15,4,8,9,19,3,10,1,1,24,9,6,8,1,8,8,4,4,5,7,4,16,1,25,11,8,9,24,17,8,6,4,4,14,Vivint Smart Home Arena,15
8,Toronto Raptors,2018,4,8,3,6,6,4,3,18,13,25,3,9,13,4,14,11,13,6,17,2,6,27,3,20,7,14,5,1,2,10,19,27,3,26,27,16,14,5,7,7,5,17,12,16,6,2,2,2,2,2,30,2,2,5,14,16,5,5,4,11,11,3,14,12,24,Air Canada Centre,4
9,Milwaukee Bucks,2018,3,8,14,28,3,27,25,21,6,13,6,5,7,8,28,28,30,14,2,5,11,26,15,20,12,4,20,9,7,25,15,12,15,27,25,26,19,9,12,16,4,7,2,16,16,15,15,20,20,20,21,20,9,18,20,4,25,8,14,26,5,20,2,29,29,BMO Harris Bradley Center,24
10,Indiana Pacers,2018,3,18,5,14,6,25,26,8,4,4,13,24,26,10,16,25,22,23,2,25,5,7,16,9,15,11,18,15,22,5,12,5,27,6,5,6,21,7,14,12,3,24,3,25,9,8,8,11,11,12,24,13,11,13,22,26,26,11,6,12,24,19,2,26,7,Bankers Life Fieldhouse,27
11,Oklahoma City Thunder,2018,2,8,12,4,18,15,10,23,15,16,16,9,4,29,1,26,5,28,1,11,13,21,12,20,9,7,12,24,24,19,3,3,12,13,13,17,11,5,5,13,15,9,1,3,10,8,8,7,7,7,15,6,7,9,17,6,12,17,9,1,14,17,1,16,17,Chesapeake Energy Arena,13
12,Washington Wizards,2018,2,5,12,19,11,21,23,3,10,10,14,13,13,13,13,21,21,4,10,22,18,25,13,24,11,9,15,12,13,5,12,9,23,22,25,10,14,7,8,10,17,12,6,15,15,17,17,14,14,15,18,15,14,15,18,15,24,11,17,8,15,14,8,18,24,Capital One Arena,14
13,Minnesota Timberwolves,2018,1,12,4,15,4,30,30,19,1,2,10,3,5,2,7,27,24,17,6,23,2,3,8,16,18,10,29,19,17,18,18,8,29,11,9,24,14,3,3,21,1,12,4,4,17,12,12,10,10,10,9,10,4,27,22,5,30,13,1,4,3,26,5,24,13,Target Center,21
14,Miami Heat,2018,1,2,19,23,17,10,9,15,22,22,14,26,25,22,21,11,17,17,17,6,16,20,23,29,4,5,7,6,5,13,8,16,7,24,22,26,6,18,15,3,12,9,18,21,4,15,15,16,16,16,27,16,22,7,26,24,7,14,17,17,24,7,13,6,27,AmericanAirlines Arena,6
15,San Antonio Spurs,2018,1,23,17,21,16,28,27,25,9,5,20,19,17,13,6,14,11,15,13,4,4,1,27,5,6,8,8,3,4,4,15,21,8,1,2,9,8,14,8,7,14,2,18,18,1,12,12,8,8,8,15,8,17,3,28,17,27,26,5,6,18,7,12,8,3,AT&T Center,12
16,Portland Trail Blazers,2018,0,18,15,8,19,16,19,11,17,11,23,15,17,3,9,5,3,30,25,7,8,12,16,9,7,16,3,7,5,16,11,23,2,18,18,4,10,16,13,2,9,21,29,23,5,7,7,9,9,9,15,9,15,8,19,19,18,23,6,10,17,4,29,5,17,Moda Center,8
1,Toronto Raptors,2019,16,4,9,15,5,8,11,6,17,22,7,15,21,3,24,9,17,13,6,9,14,17,8,25,9,16,5,9,10,8,9,23,5,10,11,13,18,8,13,13,17,6,10,19,9,2,2,2,2,3,29,3,5,5,14,20,10,3,15,21,14,4,9,14,9,Scotiabank Arena,4
2,Golden State Warriors,2019,14,15,1,12,1,3,8,3,11,22,2,23,28,5,21,3,11,1,14,1,21,21,2,14,10,24,3,16,24,10,6,20,4,24,24,23,21,4,10,12,19,1,17,26,16,3,3,2,2,2,18,2,1,12,10,28,8,1,18,16,23,3,20,14,21,Oracle Arena,6
3,Milwaukee Bucks,2019,10,18,3,6,3,2,2,14,16,27,1,12,15,14,25,1,1,7,16,2,13,5,1,8,12,30,1,30,30,22,3,17,1,1,4,1,8,20,15,19,2,12,21,21,11,1,1,1,1,1,30,1,4,1,2,17,3,2,9,27,15,1,25,1,1,Fiserv Forum,17
4,Portland Trail Blazers,2019,8,7,7,7,12,17,18,8,7,9,14,5,13,2,3,6,3,25,25,16,11,11,6,21,15,19,13,8,3,18,22,26,5,14,15,19,15,1,3,3,10,16,29,16,14,5,5,7,7,7,8,6,3,16,18,14,20,13,11,1,7,11,29,9,16,Moda Center,7
5,Philadelphia 76ers,2019,7,15,14,20,7,19,19,8,13,15,9,2,2,16,11,2,4,4,18,9,25,20,4,14,17,26,10,4,6,4,28,29,9,25,26,16,10,4,4,5,19,4,27,6,19,7,7,11,11,11,26,11,8,15,8,2,17,8,23,8,2,6,28,6,22,Wells Fargo Center,1
6,Denver Nuggets,2019,7,27,12,11,13,17,16,17,10,12,10,26,25,20,2,17,8,2,13,24,7,6,19,2,5,4,15,9,13,1,6,4,21,7,9,2,7,2,1,16,10,14,17,20,6,4,4,7,7,8,8,7,6,10,27,27,15,14,7,1,27,14,15,8,15,Pepsi Center,12
7,Houston Rockets,2019,6,11,25,25,24,1,1,10,30,30,3,3,7,9,14,28,28,28,5,18,6,24,11,17,10,5,19,3,3,2,20,13,23,21,20,16,22,10,16,7,10,6,8,23,10,5,5,5,5,5,13,5,2,17,26,6,1,4,9,14,3,18,7,28,25,Toyota Center,16
8,Boston Celtics,2019,5,18,10,8,14,6,7,7,18,18,10,28,29,4,20,16,22,5,4,9,3,11,14,8,4,9,4,15,22,6,5,5,11,13,15,11,16,22,22,8,2,2,7,26,8,9,9,6,6,6,27,8,10,7,16,30,9,6,4,24,28,8,7,17,17,TD Garden,11
9,San Antonio Spurs,2019,3,15,7,17,2,26,30,1,2,2,17,20,24,1,27,11,20,16,30,21,1,1,17,14,16,16,18,18,18,18,13,14,17,2,1,5,4,15,7,17,8,3,30,25,12,11,11,12,12,12,15,12,7,19,22,24,30,6,2,26,17,20,29,4,2,AT&T Center,13
10,Los Angeles Clippers,2019,2,11,16,24,7,24,28,2,7,6,22,1,1,7,21,8,13,18,23,21,22,28,5,17,17,25,13,6,7,5,28,28,11,28,28,24,27,10,18,11,25,30,23,1,25,11,11,13,13,13,10,13,9,20,7,1,27,11,20,19,1,8,27,25,27,STAPLES Center,20
11,Oklahoma City Thunder,2019,1,7,5,1,18,12,13,22,7,8,19,13,6,28,1,11,2,22,1,12,14,27,7,21,13,12,17,12,11,16,9,15,15,23,23,9,8,26,18,20,24,16,1,3,15,9,9,9,9,9,14,9,17,4,6,10,16,22,6,3,20,17,1,7,22,Chesapeake Energy Arena,15
12,Brooklyn Nets,2019,1,1,20,14,24,5,5,14,27,25,17,5,3,24,9,9,6,21,26,28,26,23,15,30,23,27,11,4,9,3,30,30,11,16,15,19,22,17,24,8,22,22,17,7,18,14,14,15,15,15,23,15,19,14,11,5,4,18,25,10,6,6,22,20,9,Barclays Center,30
13,Utah Jazz,2019,1,24,18,29,10,9,9,10,22,28,5,7,3,26,17,4,8,7,12,2,26,18,17,5,8,11,8,2,1,15,15,27,3,7,9,2,1,6,2,1,27,9,15,4,4,8,8,4,4,4,17,4,15,2,13,3,6,5,27,13,4,2,14,1,8,Vivint Smart Home Arena,14
14,Orlando Magic,2019,1,18,18,15,18,12,15,10,19,16,20,30,30,12,17,13,14,12,26,6,5,2,24,8,6,8,11,7,7,10,9,19,11,6,5,26,2,23,11,2,7,5,25,29,5,14,14,13,13,14,25,14,22,8,24,29,14,20,7,19,30,10,19,3,6,Amway Center,18
15,Indiana Pacers,2019,0,30,16,27,4,29,29,5,5,7,16,26,23,21,25,23,24,7,3,18,10,4,22,1,3,3,6,14,14,14,3,3,7,3,6,7,17,3,5,13,10,21,4,23,1,11,11,9,9,10,28,10,18,3,24,23,29,10,15,21,23,11,2,23,5,Bankers Life Fieldhouse,22
16,Detroit Pistons,2019,0,7,27,18,29,9,6,22,28,26,27,19,16,23,5,24,18,26,22,29,11,26,25,21,6,2,24,1,2,8,20,17,22,18,20,5,3,12,5,8,4,16,13,11,7,16,16,16,16,17,22,17,21,11,28,12,6,26,13,4,16,19,11,5,26,Little Caesars Arena,24
1,Los Angeles Lakers,2020,16,28,4,20,1,23,22,21,4,9,3,17,8,28,6,12,9,10,5,1,22,14,11,1,5,8,7,7,11,7,7,10,8,15,14,20,6,2,2,7,24,1,5,5,4,3,2,6,5,5,4,3,11,3,11,6,22,5,22,4,15,7,3,7,16,STAPLES Center,14
2,Miami Heat,2020,14,1,26,30,7,6,9,2,28,28,7,5,4,13,29,6,17,5,18,21,18,13,15,28,3,6,7,24,28,6,3,1,15,17,16,22,5,6,3,15,13,4,21,5,10,8,11,7,7,8,24,8,7,9,27,1,7,3,24,27,1,11,18,3,20,AmericanAirlines Arena,7
3,Boston Celtics,2020,10,10,12,11,16,12,13,12,16,16,17,10,16,5,6,10,8,25,6,5,7,20,9,19,2,8,4,10,16,2,4,6,7,20,19,9,18,8,11,2,8,23,9,15,2,5,5,2,2,3,26,5,4,4,17,18,14,16,6,6,12,4,9,16,22,TD Garden,11
4,Denver Nuggets,2020,9,1,8,15,4,23,26,15,5,5,6,25,26,16,4,22,20,4,9,19,7,11,18,28,11,5,15,12,14,17,10,8,18,10,11,5,12,1,4,24,9,8,17,17,11,6,6,11,12,11,11,10,5,16,29,26,27,9,8,2,24,17,14,19,14,Pepsi Center,6
5,Los Angeles Clippers,2020,7,17,10,14,12,13,16,6,13,14,17,1,1,8,6,3,3,22,24,17,13,26,4,11,6,20,3,17,27,5,6,12,2,19,19,3,25,13,17,9,13,13,19,1,13,4,4,2,2,2,12,2,2,5,8,2,16,9,10,9,2,3,23,15,17,STAPLES Center,12
6,Toronto Raptors,2020,7,17,21,23,19,3,6,5,27,26,20,12,16,6,24,6,10,11,2,13,16,21,13,11,1,13,2,24,29,1,1,2,2,14,15,12,26,19,24,26,9,23,2,19,1,2,2,2,2,4,20,4,14,2,11,12,6,8,18,24,9,2,2,21,15,Scotiabank Arena,5
7,Milwaukee Bucks,2020,5,22,1,4,2,3,4,17,8,23,1,14,6,27,24,1,1,5,23,3,20,7,1,4,4,30,1,30,30,15,2,13,1,8,7,25,8,27,21,11,12,9,19,5,8,1,1,1,1,1,28,1,8,1,1,7,4,1,14,26,15,1,24,1,6,Fiserv Forum,19
8,Houston Rockets,2020,5,17,16,8,22,1,1,24,30,30,2,2,2,8,20,16,18,29,3,10,15,23,2,11,24,25,14,13,22,7,24,22,20,16,17,8,28,29,30,23,21,15,3,12,22,8,7,8,7,7,13,7,6,14,2,4,1,7,10,25,4,14,5,25,13,Toyota Center,15
9,Utah Jazz,2020,3,22,22,29,6,6,10,1,25,27,5,16,19,14,26,8,13,26,29,25,20,12,18,4,15,17,12,3,3,12,22,28,10,7,8,9,9,3,5,1,19,10,29,14,9,8,7,8,7,9,17,9,10,13,24,10,8,2,25,21,11,8,28,6,7,Vivint Smart Home Arena,16
10,Oklahoma City Thunder,2020,3,10,23,28,7,26,27,17,11,15,9,4,5,6,30,15,23,28,16,15,6,4,21,19,16,19,10,5,10,2,20,20,13,4,3,30,22,10,12,5,4,2,18,2,6,8,7,11,10,12,8,11,16,7,22,3,25,18,9,30,3,8,18,19,3,Chesapeake Energy Arena,13
11,Dallas Mavericks,2020,2,8,9,9,16,2,2,10,26,28,4,10,10,14,10,4,4,13,29,16,2,6,3,22,21,26,13,17,20,10,22,24,13,5,6,7,19,17,19,10,4,4,30,9,16,12,13,5,6,6,18,6,1,18,18,12,2,4,1,10,13,13,30,14,4,American Airlines Center,1
12,Portland Trail Blazers,2020,1,22,5,3,14,10,15,3,11,7,24,17,23,3,16,12,12,30,28,2,3,21,6,4,20,26,11,29,26,29,12,19,4,21,23,14,30,21,27,19,1,15,27,21,26,14,15,16,21,19,3,16,3,27,13,24,17,14,1,15,19,15,27,27,18,Moda Center,8
13,Orlando Magic,2020,1,28,27,16,27,22,19,25,18,10,27,19,20,17,14,19,16,18,7,8,3,1,24,1,13,7,18,13,12,23,12,9,17,3,4,14,2,24,14,17,4,10,14,27,5,18,19,16,17,16,16,19,23,9,24,20,18,27,4,16,18,18,10,5,5,Amway Center,22
14,Brooklyn Nets,2020,0,5,18,9,24,9,5,25,22,22,15,15,9,25,9,2,2,15,27,21,24,16,16,26,18,29,5,13,16,9,16,28,5,12,13,12,24,20,22,3,16,21,28,10,18,14,14,15,15,15,25,20,22,9,9,11,5,23,18,10,17,5,29,11,9,Barclays Center,25
15,Philadelphia 76ers,2020,0,22,14,23,7,19,22,8,8,11,15,21,21,21,10,14,10,8,9,9,9,15,20,4,9,3,15,1,1,12,19,22,11,17,19,2,1,5,1,4,4,2,23,17,6,12,12,8,10,10,19,12,13,8,19,22,21,11,13,6,21,11,20,2,21,Wells Fargo Center,3
16,Indiana Pacers,2020,0,17,7,18,2,29,30,14,1,3,9,30,30,12,28,20,24,5,20,10,5,9,23,11,6,15,5,6,12,4,11,14,9,9,9,26,19,16,16,6,3,10,13,30,3,7,7,11,12,13,23,13,19,6,20,30,30,11,5,29,30,5,13,21,10,Bankers Life Fieldhouse,23
1,Milwaukee Bucks,2021,16,22,1,1,3,5,8,4,8,13,3,23,15,23,12,1,2,12,7,19,15,2,1,8,23,30,5,30,28,29,10,17,2,3,1,17,9,13,13,17,6,14,19,24,22,7,7,4,4,3,30,4,5,10,2,24,12,2,11,9,26,13,23,3,1,Fiserv Forum,10
2,Phoenix Suns,2021,14,1,2,16,2,12,15,7,8,16,2,28,29,2,28,17,23,3,19,25,4,14,6,28,11,9,15,6,10,5,17,15,17,12,13,14,6,10,8,3,5,1,17,28,7,2,2,2,2,4,23,3,5,9,26,29,15,3,4,24,26,10,16,9,14,Phoenix Suns Arena,4
3,Los Angeles Clippers,2021,10,30,12,25,5,6,14,1,19,21,18,23,28,1,20,14,16,16,20,28,7,17,10,1,8,6,13,6,7,6,14,12,14,10,9,13,5,1,1,3,7,5,22,26,4,5,5,2,2,2,24,2,3,7,28,27,13,3,14,12,19,7,18,6,10,STAPLES Center,24
4,Atlanta Hawks,2021,10,11,19,23,14,17,19,12,15,15,19,2,4,5,3,10,5,19,21,16,7,18,11,16,14,19,12,8,14,3,19,21,16,13,11,30,19,4,8,11,18,17,29,9,12,11,11,9,9,9,25,10,8,21,23,4,19,16,7,4,1,6,28,16,13,State Farm Arena,13
5,Brooklyn Nets,2021,7,11,6,21,1,7,12,2,13,22,1,5,8,6,27,5,13,5,27,6,12,13,2,16,19,25,6,22,23,13,16,22,6,16,14,11,26,3,12,8,14,9,26,18,21,4,4,7,7,7,27,7,1,22,11,8,9,1,14,19,5,7,28,20,12,Barclays Center,17
6,Philadelphia 76ers,2021,7,6,14,24,8,23,26,10,10,7,16,3,3,20,13,13,9,22,1,2,20,22,14,21,4,10,4,8,11,9,9,12,3,20,22,5,11,8,10,5,8,12,2,4,6,3,3,4,4,5,29,5,13,2,11,1,24,14,21,10,2,3,2,11,21,Wells Fargo Center,8
7,Utah Jazz,2021,6,19,15,18,14,1,1,4,30,30,8,11,14,8,3,2,1,22,29,8,18,8,4,10,12,27,2,1,3,2,25,29,1,2,2,7,11,5,7,1,18,3,30,17,3,1,1,1,1,1,28,1,3,4,18,13,1,5,19,3,10,1,30,5,2,Vivint Smart Home Arena,1
8,Denver Nuggets,2021,4,1,2,8,4,14,16,8,7,11,6,27,27,7,8,19,13,5,7,20,12,14,8,28,7,3,18,20,22,11,5,4,26,16,15,8,4,2,1,24,12,7,13,15,8,5,5,6,6,6,21,6,7,12,27,28,17,6,13,2,28,21,10,7,21,Ball Arena,14
9,Dallas Mavericks,2021,3,24,18,21,13,8,6,18,21,27,3,17,20,15,25,17,21,26,30,25,3,19,17,2,8,12,8,16,19,13,7,8,11,18,20,5,11,15,15,2,9,2,26,7,9,8,8,9,9,11,13,9,9,19,24,15,6,8,3,23,16,10,23,16,19,American Airlines Center,5
10,Portland Trail Blazers,2021,2,24,15,4,23,2,2,6,27,24,27,6,13,3,3,19,12,30,25,13,1,10,5,2,18,15,23,18,17,20,17,10,20,23,22,25,16,21,21,16,1,9,28,16,23,8,8,12,12,12,12,12,2,29,19,21,3,15,1,11,10,22,27,19,25,Moda Center,26
11,Los Angeles Lakers,2021,2,4,21,27,12,25,24,21,11,12,13,11,6,28,15,15,16,15,10,4,28,14,22,26,5,6,8,3,4,4,13,16,9,8,8,12,2,8,4,13,25,7,4,2,2,8,8,8,8,8,16,8,24,1,16,6,22,18,27,14,7,5,4,3,9,STAPLES Center,20
12,Washington Wizards,2021,1,11,5,5,10,28,29,22,1,2,14,1,1,19,15,5,8,12,18,28,20,30,3,16,28,28,20,12,13,19,28,28,14,28,29,18,25,23,24,12,25,14,10,1,30,17,17,21,21,22,13,22,17,19,1,3,29,20,16,20,3,15,15,18,28,Capital One Arena,21
13,Memphis Grizzlies,2021,1,11,7,1,18,24,23,20,4,3,20,19,17,18,2,8,4,3,1,10,10,9,15,16,13,16,11,18,18,18,12,10,11,20,15,27,11,20,18,19,18,20,7,24,16,15,15,14,14,15,10,15,15,6,8,25,27,22,6,6,25,12,7,10,16,FedEx Forum,11
14,Boston Celtics,2021,1,16,13,11,19,11,10,10,16,20,17,25,25,16,3,22,15,25,13,6,16,24,16,13,6,4,13,16,15,22,5,7,9,26,25,22,6,7,6,9,10,9,13,13,11,16,16,13,13,13,22,13,10,14,20,23,11,12,18,5,22,15,12,13,27,TD Garden,18
15,New York Knicks,2021,1,6,24,26,21,21,27,2,17,8,29,19,23,14,15,5,9,29,21,10,6,25,26,21,1,5,1,10,21,1,3,5,5,13,17,4,10,16,16,6,3,25,22,29,1,11,11,9,9,10,25,11,23,3,30,15,24,23,7,16,15,2,21,8,16,Madison Square Garden (IV),15
16,Miami Heat,2021,0,16,26,30,14,14,11,19,25,29,5,13,21,12,29,23,29,9,9,30,16,10,25,13,3,2,6,27,29,13,1,1,20,6,6,19,8,11,10,21,12,4,5,10,5,13,13,16,16,16,20,16,17,7,29,10,7,11,23,29,8,19,2,14,7,AmericanAirlines Arena,
1,Golden State Warriors,2022,16,24,17,21,8,3,3,7,22,29,3,26,26,17,18,2,7,5,3,18,29,27,15,2,2,9,2,15,20,1,2,8,2,19,24,5,6,7,5,2,20,2,8,29,3,3,3,4,4,5,17,4,17,1,13,23,2,3,29,18,22,2,7,2,22,Chase Center,10
2,Boston Celtics,2022,14,2,13,17,15,8,9,14,18,22,6,14,24,2,11,4,4,14,18,2,13,5,12,29,3,15,1,8,14,1,4,12,1,10,8,23,19,10,12,1,15,11,13,19,1,6,6,1,1,2,27,1,7,1,24,21,8,9,13,8,15,1,11,11,9,TD Garden,5
3,Miami Heat,2022,11,5,22,28,13,6,14,1,26,26,17,12,18,5,18,17,22,8,15,30,28,25,17,25,1,1,4,22,27,1,1,1,17,23,20,20,4,2,2,4,11,3,4,3,4,3,3,6,6,6,26,6,10,5,28,12,9,5,28,12,6,11,3,8,27,FTX Arena,4
4,Dallas Mavericks,2022,9,19,25,27,18,10,7,19,22,27,5,20,22,16,24,19,24,25,29,26,2,14,24,8,5,3,12,1,3,4,15,12,11,6,8,9,4,17,10,6,3,1,23,9,2,5,5,7,7,8,25,8,15,6,30,14,5,13,8,23,18,6,14,8,10,American Airlines Center,3
5,Milwaukee Bucks,2022,7,19,6,8,11,4,5,5,16,20,8,8,10,15,15,1,2,18,11,26,12,3,3,8,21,27,11,30,30,19,6,5,17,2,4,2,9,18,15,25,11,9,25,16,18,6,6,8,8,7,23,7,3,14,7,9,6,6,10,15,10,19,27,3,2,Fiserv Forum,11
6,Phoenix Suns,2022,7,24,1,6,1,20,26,7,1,3,4,24,27,7,18,4,8,4,5,22,7,18,5,2,7,16,3,4,10,4,10,21,3,17,23,6,19,13,19,2,15,3,6,24,8,1,1,1,1,1,30,2,4,3,8,29,27,4,5,19,26,3,7,13,15,Phoenix Suns Arena,19
7,Memphis Grizzlies,2022,6,13,2,1,18,23,23,16,2,1,23,14,7,28,1,8,1,6,1,1,9,17,2,13,11,17,10,11,12,11,17,22,7,17,19,12,11,7,7,16,7,29,3,14,12,2,2,4,4,4,28,5,5,4,3,19,28,23,4,1,23,10,4,10,15,FedEx Forum,21
8,Philadelphia 76ers,2022,6,8,23,30,15,20,27,7,16,16,21,1,3,1,30,19,28,20,9,6,2,12,18,19,9,8,13,2,6,9,17,16,11,12,13,11,12,15,17,7,1,11,18,19,8,6,6,9,9,10,19,9,12,12,25,2,22,16,5,29,1,11,16,17,13,Wells Fargo Center,2
9,Minnesota Timberwolves,2022,2,13,9,5,22,1,1,12,21,24,14,4,7,14,6,25,15,7,3,3,21,29,1,13,10,11,16,25,26,12,7,5,22,30,30,21,23,21,23,27,7,16,1,2,24,12,12,9,9,9,21,10,8,13,1,10,3,12,13,7,11,17,2,27,30,Target Center,20
10,Utah Jazz,2022,2,24,14,24,6,2,2,11,26,30,2,6,4,20,9,3,3,27,18,10,15,10,7,2,13,21,9,13,13,12,17,23,6,1,1,4,9,1,1,5,19,8,29,6,10,9,9,3,3,3,29,3,1,9,22,4,1,2,21,5,2,6,29,4,1,Vivint Smart Home Arena,9
11,Toronto Raptors,2022,2,5,14,4,25,19,19,20,13,5,28,23,21,23,2,29,8,29,2,16,2,13,20,25,5,2,17,16,14,18,5,4,19,13,11,26,16,12,14,20,2,25,2,23,7,10,10,11,11,12,12,11,14,9,27,24,23,27,2,2,25,17,1,23,20,Scotiabank Arena,30
12,New Orleans Pelicans,2022,2,19,19,16,22,28,24,27,8,7,20,2,6,10,3,24,11,12,7,26,17,14,21,8,11,4,23,22,18,26,8,5,24,13,12,24,1,4,3,15,11,16,9,4,13,20,20,21,21,21,8,21,19,20,21,5,24,24,15,3,2,26,7,7,17,Smoothie King Center,24
13,Atlanta Hawks,2022,1,30,11,13,7,11,18,2,14,13,17,3,11,4,17,17,18,15,18,23,1,7,6,1,24,19,23,20,17,25,21,16,21,6,4,27,12,11,13,22,3,10,26,6,21,16,16,14,14,14,16,14,2,26,20,11,18,8,1,15,5,24,28,14,8,State Farm Arena,17
14,Denver Nuggets,2022,1,8,7,23,2,13,13,16,11,21,1,19,23,8,25,9,17,3,18,29,24,20,10,19,18,11,21,8,10,9,23,12,28,11,14,3,6,5,4,22,20,16,26,12,14,10,10,11,11,11,24,12,6,15,19,20,14,1,26,20,16,20,23,4,12,Ball Arena,15
15,Chicago Bulls,2022,1,24,7,20,3,28,30,4,4,4,16,9,17,3,29,21,28,18,23,25,6,8,13,2,21,11,26,5,2,27,24,25,15,19,15,28,1,13,9,16,6,23,23,28,16,12,12,20,20,20,15,20,13,22,15,16,30,10,9,28,9,22,19,4,20,United Center,1
16,Brooklyn Nets,2022,0,19,5,12,4,23,28,10,5,6,15,9,14,6,14,14,13,10,23,5,17,22,9,8,15,24,7,17,22,7,16,19,9,26,25,25,27,6,15,9,20,20,18,16,18,14,14,15,15,15,14,15,11,18,11,18,25,11,15,10,11,6,23,25,22,Barclays Center,12
1,Denver Nuggets,2023,16,25,3,22,1,18,25,4,5,12,2,27,22,26,16,15,18,2,11,19,19,4,12,3,12,10,20,3,8,2,18,13,19,9,9,9,10,1,1,15,25,9,19,23,8,4,4,6,6,6,28,6,5,14,23,19,21,1,23,11,25,14,17,12,8,Ball Arena,7
2,Miami Heat,2023,13,18,30,26,26,16,10,27,27,25,20,10,19,2,20,29,27,25,5,30,9,3,30,10,3,2,21,28,22,21,1,1,29,4,3,15,1,15,5,14,8,1,3,16,2,11,11,21,21,21,6,19,25,8,29,13,9,25,14,20,8,25,2,4,7,Kaseya Center,5
3,Boston Celtics,2023,11,1,13,15,14,2,2,6,29,29,5,23,28,4,20,3,7,7,25,6,7,5,4,30,13,24,4,5,17,4,17,24,7,2,3,3,6,26,18,2,4,3,25,25,4,2,2,1,1,1,20,1,2,3,19,27,2,4,7,25,23,3,26,1,3,TD Garden,8
4,Los Angeles Lakers,2023,8,5,8,13,10,24,25,24,2,8,12,2,1,20,18,2,6,15,25,16,15,1,6,24,29,30,9,18,25,2,28,28,13,1,1,8,25,25,25,15,19,22,27,2,20,14,14,16,16,16,20,16,20,11,3,2,25,18,11,20,2,6,28,13,1,Crypto.com Arena,11
5,Philadelphia 76ers,2023,7,5,24,30,6,11,16,1,23,23,14,1,5,1,27,22,26,16,8,13,13,19,14,24,4,4,13,5,13,5,11,8,17,15,16,15,3,4,2,6,4,15,13,20,3,3,3,3,3,3,12,3,4,8,27,1,12,6,15,26,1,12,10,7,21,Wells Fargo Center,2
6,Golden State Warriors,2023,6,12,5,8,12,1,1,2,28,28,6,29,30,9,14,6,8,1,14,25,30,28,2,14,18,26,9,23,21,18,14,18,9,24,25,3,18,11,15,15,25,6,13,30,21,11,11,11,11,11,20,10,8,17,1,30,3,3,30,14,29,9,16,16,20,Chase Center,13
7,New York Knicks,2023,6,2,16,12,20,11,8,19,18,17,18,7,3,22,3,8,2,28,25,23,4,17,11,29,8,14,3,25,25,11,3,7,10,15,16,18,10,5,7,13,1,14,25,5,12,8,8,7,7,7,12,7,3,19,25,7,10,19,4,2,10,8,25,9,14,Madison Square Garden (IV),6
8,Phoenix Suns,2023,6,22,14,9,23,13,16,7,15,9,29,26,27,10,5,19,11,3,15,5,9,26,17,7,2,5,6,3,3,11,9,12,5,28,27,20,13,11,11,3,15,6,11,18,6,9,9,9,9,9,16,9,14,7,22,28,20,22,7,5,26,5,12,16,30,Footprint Center,24
9,Sacramento Kings,2023,3,12,3,16,2,5,6,9,16,24,1,3,5,12,23,15,20,3,20,29,9,11,1,14,27,19,29,18,13,25,27,19,23,10,10,21,6,9,9,28,16,9,15,4,25,7,7,8,8,8,30,8,1,25,12,9,5,2,7,22,6,26,13,7,10,Golden 1 Center,20
10,Atlanta Hawks,2023,2,8,1,3,9,24,28,21,1,1,16,16,20,3,9,12,10,18,15,11,3,5,3,20,27,24,25,8,16,10,29,25,21,18,13,30,17,20,19,22,18,20,15,19,25,17,17,16,16,18,15,17,7,22,9,26,30,19,2,8,22,22,15,19,12,State Farm Arena,18
11,Memphis Grizzlies,2023,2,22,2,4,14,16,11,22,6,5,16,23,12,30,4,4,2,9,2,2,12,13,8,7,6,21,1,25,27,9,3,11,3,15,14,21,23,19,21,26,7,24,6,16,11,5,5,4,4,4,29,5,14,2,4,19,15,21,6,6,27,2,8,18,12,FedEx Forum,22
12,Milwaukee Bucks,2023,1,12,10,6,18,4,4,10,25,26,11,28,22,28,11,1,1,12,25,11,21,2,8,14,20,29,2,11,18,8,18,30,1,3,2,10,18,20,20,5,8,3,30,26,14,1,1,5,5,5,17,4,12,4,10,25,4,10,16,9,28,1,30,2,2,Fiserv Forum,19
13,Minnesota Timberwolves,2023,1,12,8,18,3,13,15,13,11,16,4,18,14,23,26,18,23,8,5,4,26,29,12,14,13,18,11,16,10,24,14,19,6,27,29,1,27,18,22,10,29,8,5,14,18,15,15,19,19,20,24,21,23,10,7,12,14,8,28,27,18,9,7,26,26,Target Center,27
14,Los Angeles Clippers,2023,1,12,23,24,13,10,14,3,21,19,22,13,11,18,19,11,16,23,15,21,17,10,17,14,13,15,16,12,13,19,16,17,11,6,7,6,13,14,13,10,22,9,24,20,12,11,11,16,16,17,25,18,16,18,24,11,13,11,19,19,10,14,24,11,5,Crypto.com Arena,17
15,Cleveland Cavaliers,2023,1,5,20,27,5,19,24,11,14,17,8,23,21,19,20,24,25,19,15,13,6,9,25,24,1,3,7,2,1,23,5,10,4,7,8,18,9,3,2,1,8,13,3,10,1,5,5,2,2,2,20,2,8,1,30,16,17,9,11,17,17,6,3,13,14,Rocket Mortgage Fieldhouse,9
16,Brooklyn Nets,2023,0,29,21,28,6,9,13,5,20,22,8,19,25,7,29,20,28,13,15,1,13,25,19,1,10,17,4,7,4,21,13,23,2,19,23,2,28,22,27,3,8,3,18,28,8,9,9,15,15,15,6,14,16,13,21,18,11,7,16,29,15,4,17,28,18,Barclays Center,16
1,Boston Celtics,2024,16,7,4,8,7,1,1,2,27,30,2,18,25,7,13,1,2,14,26,1,1,2,2,22,13,25,2,14,23,4,12,23,2,1,1,3,26,10,14,5,1,1,29,30,5,1,1,1,1,1,29,1,1,3,20,24,1,1,2,12,21,2,29,11,1,TD Garden,10
2,Dallas Mavericks,2024,13,26,8,10,11,3,2,13,22,29,4,14,11,27,23,12,21,19,24,15,4,10,7,1,20,21,20,18,18,18,20,21,17,11,14,4,18,25,25,22,16,2,15,2,20,6,6,14,14,14,11,13,9,17,5,11,2,7,4,24,16,17,17,19,10,American Airlines Center,2
3,Minnesota Timberwolves,2024,9,10,22,29,10,15,23,3,21,22,16,11,8,18,24,5,15,15,6,4,22,17,18,15,1,6,1,3,4,6,5,19,1,16,19,14,9,5,4,3,18,4,6,3,1,4,4,3,3,3,19,3,16,1,24,4,17,10,23,21,7,1,5,6,21,Target Center,18
4,Indiana Pacers,2024,8,26,1,1,1,10,15,9,1,2,1,21,22,13,19,28,28,1,10,8,9,30,1,1,25,19,29,1,1,16,30,30,24,30,30,17,22,11,15,4,4,21,11,19,27,12,12,10,10,9,24,10,2,24,2,26,20,1,6,19,24,22,17,26,30,Gainbridge Fieldhouse,29
5,Denver Nuggets,2024,7,26,3,17,4,25,30,9,2,1,7,29,29,25,13,9,7,3,21,9,5,9,14,1,8,13,4,2,2,8,18,26,4,16,20,6,18,7,7,9,9,11,26,24,6,2,2,4,4,4,17,4,5,8,27,24,30,7,8,6,28,3,26,17,17,Ball Arena,6
6,New York Knicks,2024,7,23,22,18,20,10,13,13,24,20,22,14,14,16,1,21,5,29,15,29,15,6,19,6,4,2,13,10,12,16,6,4,11,4,4,1,8,1,2,8,6,20,21,10,2,6,6,5,5,5,23,6,7,9,30,14,11,16,15,1,15,13,12,13,6,Madison Square Garden (IV),5
7,Oklahoma City Thunder,2024,6,10,2,15,2,8,16,1,4,10,5,12,17,3,29,12,27,11,1,1,6,17,3,15,8,18,3,22,26,12,3,8,4,23,23,19,29,13,23,18,10,18,1,11,11,2,2,2,2,2,18,2,3,4,8,17,18,3,7,27,13,4,2,29,23,Paycom Center,23
8,Cleveland Cavaliers,2024,5,10,19,24,12,7,8,15,23,26,8,24,24,22,22,11,16,8,18,21,17,5,20,15,5,11,5,10,8,21,8,16,3,11,10,21,5,12,10,6,19,15,17,15,7,11,11,11,11,13,26,15,18,6,20,20,7,12,18,21,22,6,12,6,14,Rocket Mortgage Fieldhouse,9
9,Orlando Magic,2024,3,17,26,30,15,29,29,23,12,15,12,5,1,26,15,25,25,27,4,12,24,23,24,11,2,1,17,4,3,10,9,7,18,19,20,12,1,3,1,1,23,7,3,1,3,12,12,14,14,15,28,16,22,2,25,1,25,15,25,7,2,13,1,2,24,Kia Center,12
10,Milwaukee Bucks,2024,2,10,8,19,7,5,5,11,17,26,3,5,3,19,24,3,8,17,26,15,9,21,4,15,21,27,13,12,14,9,23,27,14,21,13,29,9,22,18,13,10,3,29,8,21,8,8,11,11,11,21,12,6,19,7,4,4,4,8,25,7,9,30,5,13,Fiserv Forum,16
11,Los Angeles Clippers,2024,2,26,14,26,6,15,20,6,11,17,11,8,12,3,21,17,19,20,7,15,12,13,12,1,14,16,11,14,15,14,15,13,8,8,10,8,26,4,5,12,13,9,22,15,10,5,5,7,7,7,8,7,4,17,20,10,18,9,16,15,5,11,20,22,9,Crypto.com Arena,11
12,Philadelphia 76ers,2024,2,17,21,14,23,22,19,18,13,8,27,1,4,2,9,23,19,24,1,6,2,27,15,11,5,4,11,6,7,6,12,10,14,25,25,21,22,17,22,10,1,27,4,17,9,12,12,7,7,9,27,11,13,11,18,6,22,23,1,13,2,8,4,25,26,Wells Fargo Center,3
13,Los Angeles Lakers,2024,1,3,5,22,2,24,28,8,3,7,5,2,2,13,30,2,18,5,18,11,19,1,6,25,24,30,17,28,28,24,22,24,11,2,2,25,18,14,18,25,25,11,19,4,23,12,12,19,19,19,5,19,15,16,4,2,28,5,20,30,4,18,20,12,2,Crypto.com Arena,8
14,Miami Heat,2024,1,21,28,28,20,18,18,12,27,24,26,10,13,5,26,16,25,18,15,30,6,4,26,9,3,3,10,16,24,5,3,3,20,3,3,12,3,19,11,13,4,9,15,11,3,16,16,14,14,16,30,18,21,5,29,8,14,19,12,25,6,13,8,2,4,Kaseya Center,4
15,Phoenix Suns,2024,0,17,12,27,5,20,24,5,8,15,8,2,5,6,19,7,10,12,18,6,25,7,10,11,17,23,7,18,19,15,17,20,6,7,9,7,22,1,3,11,26,4,24,4,13,8,8,7,7,8,14,8,9,13,15,3,21,6,26,11,1,7,25,17,7,Footprint Center,24
16,New Orleans Pelicans,2024,0,26,12,23,9,18,24,4,8,11,13,13,9,21,17,10,12,12,3,21,11,11,13,1,5,10,7,24,29,2,2,2,22,8,7,15,6,9,7,17,3,19,6,18,8,8,8,6,6,6,12,5,11,7,17,7,22,11,13,15,10,11,5,6,11,Smoothie King Center,27
1,Oklahoma City Thunder,2025,16,29,3,3,6,6,10,6,6,10,7,19,26,1,20,5,11,12,1,2,1,25,4,1,1,6,1,13,23,1,1,1,1,25,26,9,23,17,20,4,1,14,1,22,3,1,1,1,1,1,20,1,3,1,5,28,16,7,1,21,24,1,2,16,26,Paycom Center,14
2,Indiana Pacers,2025,15,4,5,17,3,16,20,9,5,11,4,14,18,9,29,21,27,3,8,4,3,15,7,26,21,18,22,5,8,8,27,25,21,17,19,8,15,22,21,12,4,10,10,15,17,6,6,12,12,12,27,13,9,13,7,17,21,4,4,29,14,19,12,18,16,Gainbridge Fieldhouse,26
3,New York Knicks,2025,10,2,7,18,4,23,27,8,2,6,8,21,23,5,17,25,24,11,12,29,5,4,9,28,14,7,22,10,5,26,20,17,18,4,4,23,11,2,2,7,3,16,14,9,9,5,5,8,8,8,26,9,5,13,26,23,28,9,7,12,20,22,12,18,6,Madison Square Garden (IV),3
4,Minnesota Timberwolves,2025,9,6,19,22,16,5,5,4,26,28,18,11,16,9,14,13,15,16,17,13,18,12,13,23,6,10,7,3,7,6,13,17,8,5,6,4,12,4,8,5,18,10,13,5,5,10,10,4,4,4,13,4,8,6,24,10,6,10,20,14,8,5,10,12,7,Target Center,10
5,Denver Nuggets,2025,7,4,1,14,1,27,30,5,1,1,2,4,1,23,12,3,4,1,17,15,17,6,3,26,24,28,12,20,21,21,23,28,11,8,8,13,24,1,6,29,20,18,25,9,24,6,6,9,9,9,15,8,4,21,8,5,30,2,13,7,6,16,27,16,4,Ball Arena,4
6,Boston Celtics,2025,6,6,15,11,19,1,1,9,30,30,3,30,30,6,10,7,8,16,28,4,2,2,8,23,4,17,2,5,11,3,7,19,3,1,1,13,9,14,12,3,2,1,27,27,2,3,3,2,2,3,30,3,2,5,30,30,1,5,2,15,30,2,23,7,1,TD Garden,8
7,Cleveland Cavaliers,2025,5,18,4,7,2,2,4,2,13,23,1,14,14,17,12,5,5,9,12,26,3,11,1,9,10,22,3,13,13,13,13,24,2,13,10,16,18,8,10,8,10,8,14,11,12,2,2,2,2,2,29,2,1,8,8,17,4,1,3,13,17,3,16,15,11,Rocket Arena,7
8,Golden State Warriors,2025,5,23,21,8,25,3,2,15,27,27,23,16,13,25,5,19,5,4,3,16,12,23,17,3,5,5,11,11,8,18,6,9,12,10,13,5,7,19,15,10,8,24,5,18,8,11,11,10,10,10,9,10,15,7,17,14,2,20,9,4,17,14,4,11,14,Chase Center,16
9,Houston Rockets,2025,3,14,11,1,21,21,20,21,9,2,27,19,8,30,1,8,1,28,10,13,10,19,13,14,6,11,6,2,2,11,18,27,3,10,16,1,7,3,3,2,11,28,16,5,6,4,4,6,6,7,4,5,13,4,18,16,27,23,4,1,25,3,15,5,13,Toyota Center,20
10,Los Angeles Clippers,2025,3,9,15,26,6,25,29,7,12,13,16,8,17,7,23,10,17,22,3,20,21,12,20,18,3,3,8,9,10,5,2,3,15,9,9,7,2,4,1,9,22,5,10,26,4,6,6,4,4,6,11,6,14,3,22,9,25,10,25,19,6,8,6,1,14,Intuit Dome,28
11,Detroit Pistons,2025,2,9,10,14,13,20,22,17,7,8,16,11,11,20,10,11,11,14,17,8,21,27,11,18,9,9,8,15,12,25,4,12,6,27,28,11,6,7,6,5,24,16,7,11,14,14,14,12,12,13,21,12,15,11,8,12,22,16,20,11,13,10,9,7,27,Little Caesars Arena,9
12,Milwaukee Bucks,2025,1,18,12,25,4,8,18,1,15,21,6,8,5,28,30,2,21,20,27,18,7,9,11,9,14,23,5,19,25,6,11,15,9,6,5,19,12,28,24,14,5,2,26,11,13,11,11,11,11,11,24,11,11,12,12,3,15,3,8,30,4,6,25,5,5,Fiserv Forum,17
13,Los Angeles Lakers,2025,1,23,20,30,8,15,19,14,19,24,5,2,3,13,26,19,26,18,22,20,12,5,19,3,13,16,10,15,18,10,13,13,13,6,7,10,15,4,9,21,17,4,20,5,10,6,6,14,14,14,10,14,11,15,20,1,14,8,15,23,1,10,20,18,7,Crypto.com Arena,12
14,Orlando Magic,2025,1,23,29,29,27,30,23,30,21,17,22,4,7,18,14,28,27,30,6,1,16,26,28,3,2,1,17,1,1,21,3,7,7,22,24,3,1,14,3,1,9,8,2,1,1,15,15,17,17,17,28,17,27,2,29,2,18,29,19,17,2,9,1,2,29,Kia Center,13
15,Memphis Grizzlies,2025,0,29,2,2,8,11,13,11,2,4,9,1,1,12,3,4,2,8,6,3,28,29,2,1,19,25,4,21,25,14,11,20,5,29,29,6,18,8,10,17,20,25,7,2,24,11,11,6,6,5,17,7,6,10,1,10,20,10,22,3,8,6,14,14,25,FedEx Forum,27
16,Miami Heat,2025,0,1,23,24,17,12,16,11,23,21,20,25,27,8,26,9,21,14,15,30,8,1,24,30,12,14,12,15,17,14,10,9,15,2,2,11,9,23,19,15,7,13,19,29,7,20,20,15,15,15,25,16,21,9,28,23,12,18,12,27,22,17,17,10,2,Kaseya Center,5
